Geneid	pErk_DE	pErk_mutant_DE	GeneSymbol
ENSMUSG00000000049	Down	No change	Apoh
ENSMUSG00000000088	Down	No change	Cox5a
ENSMUSG00000000094	Up	No change	Tbx4
ENSMUSG00000000120	Up	No change	Ngfr
ENSMUSG00000000125	Down	No change	Wnt3
ENSMUSG00000000142	Up	No change	Axin2
ENSMUSG00000000182	Down	No change	Fgf23
ENSMUSG00000000184	Up	No change	Ccnd2
ENSMUSG00000000202	Up	No change	Btbd17
ENSMUSG00000000266	Down	Up	Mid2
ENSMUSG00000000296	Up	No change	Tpd52l1
ENSMUSG00000000305	Up	No change	Cdh4
ENSMUSG00000000317	Up	No change	Bcl6b
ENSMUSG00000000378	Up	No change	Ccm2
ENSMUSG00000000402	Up	Down	Egfl6
ENSMUSG00000000486	Up	Down	Septin1
ENSMUSG00000000489	Up	No change	Pdgfb
ENSMUSG00000000530	Up	No change	Acvrl1
ENSMUSG00000000544	Up	Down	Gpa33
ENSMUSG00000000555	Up	No change	Itga5
ENSMUSG00000000567	Up	No change	Sox9
ENSMUSG00000000617	Up	No change	Grm6
ENSMUSG00000000632	Down	No change	Sez6
ENSMUSG00000000706	Down	No change	Btn1a1
ENSMUSG00000000730	Up	Down	Dnmt3l
ENSMUSG00000000732	Up	No change	Icosl
ENSMUSG00000000782	Up	No change	Tcf7
ENSMUSG00000000938	Up	No change	Hoxa10
ENSMUSG00000000958	Up	No change	Slc7a7
ENSMUSG00000001021	Up	No change	S100a3
ENSMUSG00000001023	Up	No change	S100a5
ENSMUSG00000001025	Up	No change	S100a6
ENSMUSG00000001053	Up	No change	N4bp3
ENSMUSG00000001166	Down	No change	Oas1c
ENSMUSG00000001240	Up	No change	Ramp2
ENSMUSG00000001281	Up	Down	Itgb7
ENSMUSG00000001288	Up	Down	Rarg
ENSMUSG00000001300	Up	Up	Efnb2
ENSMUSG00000001348	Down	No change	Acp5
ENSMUSG00000001493	Up	No change	Meox1
ENSMUSG00000001494	Up	Up	Sost
ENSMUSG00000001507	Up	Down	Itga3
ENSMUSG00000001642	Up	Down	Akr1b3
ENSMUSG00000001655	Down	No change	Hoxc13
ENSMUSG00000001741	Up	No change	Il16
ENSMUSG00000001870	Down	No change	Ltbp1
ENSMUSG00000001930	Down	No change	Vwf
ENSMUSG00000001943	Up	No change	Vsig2
ENSMUSG00000001946	Up	No change	Esam
ENSMUSG00000001995	Up	No change	Sipa1l2
ENSMUSG00000002068	Up	No change	Ccne1
ENSMUSG00000002204	Down	No change	Napsa
ENSMUSG00000002228	Up	Down	Ppm1j
ENSMUSG00000002257	Up	Down	Def6
ENSMUSG00000002413	Up	No change	Braf
ENSMUSG00000002459	Up	Down	Rgs20
ENSMUSG00000002475	Down	No change	Abhd3
ENSMUSG00000002565	Up	No change	Scin
ENSMUSG00000002603	Up	Down	Tgfb1
ENSMUSG00000002844	Up	No change	Adprh
ENSMUSG00000002847	Up	Down	Pla1a
ENSMUSG00000002881	Up	No change	Nab1
ENSMUSG00000002997	Down	No change	Prkar2b
ENSMUSG00000003031	Down	No change	Cdkn1b
ENSMUSG00000003032	Down	No change	Klf4
ENSMUSG00000003283	Down	No change	Hck
ENSMUSG00000003418	Up	No change	St8sia6
ENSMUSG00000003541	Up	No change	Ier3
ENSMUSG00000003847	Up	No change	Nfat5
ENSMUSG00000003949	Down	No change	Hlf
ENSMUSG00000004044	Up	Down	Cavin1
ENSMUSG00000004231	Down	No change	Pax2
ENSMUSG00000004359	Down	Down	Spic
ENSMUSG00000004360	Up	Down	9330159F19Rik
ENSMUSG00000004568	Down	No change	Arhgef18
ENSMUSG00000004698	Down	No change	Hdac9
ENSMUSG00000004837	Up	No change	Grap
ENSMUSG00000004872	Down	No change	Pax3
ENSMUSG00000004952	Down	No change	Rasa4
ENSMUSG00000004988	Up	No change	Fxyd4
ENSMUSG00000005107	Up	No change	Slc2a9
ENSMUSG00000005148	Up	No change	Klf5
ENSMUSG00000005268	Down	No change	Prlr
ENSMUSG00000005320	Up	No change	Fgfr4
ENSMUSG00000005357	Down	No change	Slc1a6
ENSMUSG00000005373	Down	No change	Mlxipl
ENSMUSG00000005503	Up	Down	Evx1
ENSMUSG00000005672	Down	No change	Kit
ENSMUSG00000005836	Up	Up	Gata6
ENSMUSG00000005892	Up	Down	Trh
ENSMUSG00000006056	Down	No change	Calcoco2
ENSMUSG00000006218	Down	Down	Fam131c
ENSMUSG00000006386	Down	No change	Tek
ENSMUSG00000006390	Up	No change	Elovl1
ENSMUSG00000006398	Up	No change	Cdc20
ENSMUSG00000006457	Down	No change	Actn3
ENSMUSG00000006494	Up	No change	Pdk1
ENSMUSG00000006586	Down	Down	Runx1t1
ENSMUSG00000006649	Up	Down	Nphs1
ENSMUSG00000006651	Up	Down	Aplp1
ENSMUSG00000006731	Up	No change	B4galnt1
ENSMUSG00000006777	Up	No change	Krt23
ENSMUSG00000007034	Up	No change	Slc44a4
ENSMUSG00000007216	Down	No change	Zfp775
ENSMUSG00000007476	Up	No change	Lrrc8a
ENSMUSG00000007480	Down	No change	Mc5r
ENSMUSG00000007646	Down	No change	Rad51c
ENSMUSG00000007659	Up	No change	Bcl2l1
ENSMUSG00000007888	Up	Down	Crlf1
ENSMUSG00000007944	Down	No change	Ttc9b
ENSMUSG00000008129	Up	No change	Brme1
ENSMUSG00000008136	Up	No change	Fhl2
ENSMUSG00000008384	Up	No change	Sertad1
ENSMUSG00000008398	Up	No change	Elk3
ENSMUSG00000008575	Up	No change	Nfib
ENSMUSG00000009070	Down	No change	Rsph14
ENSMUSG00000009216	Down	No change	Fam163b
ENSMUSG00000009394	Down	No change	Syn2
ENSMUSG00000009418	Up	No change	Nav1
ENSMUSG00000009687	Up	Up	Fxyd5
ENSMUSG00000009739	Down	No change	Pou6f1
ENSMUSG00000009876	Up	No change	Cox4i2
ENSMUSG00000010021	Up	No change	Kif19a
ENSMUSG00000010047	Up	Up	Hyal2
ENSMUSG00000010048	Up	No change	Ifrd2
ENSMUSG00000010064	Up	No change	Slc38a3
ENSMUSG00000010066	Down	No change	Cacna2d2
ENSMUSG00000010175	Down	No change	Prox1
ENSMUSG00000010461	Up	Down	Eya4
ENSMUSG00000010529	Up	No change	Gm266
ENSMUSG00000010607	Down	No change	Pigyl
ENSMUSG00000010660	Up	No change	Plcd1
ENSMUSG00000011034	Down	Down	Slc5a1
ENSMUSG00000011179	Up	No change	Odc1
ENSMUSG00000011256	Up	No change	Adam19
ENSMUSG00000012017	Up	Up	Scarf2
ENSMUSG00000012123	Up	No change	Crybg2
ENSMUSG00000012282	Up	Down	Wnt8a
ENSMUSG00000012350	Down	Down	Ehf
ENSMUSG00000012396	Down	Down	Nanog
ENSMUSG00000012428	Up	Down	Steap4
ENSMUSG00000012519	Up	No change	Mlkl
ENSMUSG00000013419	Down	No change	Zfp651
ENSMUSG00000013483	Down	Up	Card14
ENSMUSG00000013584	Down	No change	Aldh1a2
ENSMUSG00000014030	Down	No change	Pax5
ENSMUSG00000014158	Down	No change	Trpv4
ENSMUSG00000014164	Down	No change	Klhl3
ENSMUSG00000014361	Down	No change	Mertk
ENSMUSG00000014686	Up	No change	Ceacam16
ENSMUSG00000014776	Up	Down	Nol3
ENSMUSG00000014837	Up	Down	4931428F04Rik
ENSMUSG00000014846	Down	No change	Tppp3
ENSMUSG00000014859	Up	Down	E2f4
ENSMUSG00000015001	Down	No change	Oc90
ENSMUSG00000015053	Down	No change	Gata2
ENSMUSG00000015133	Up	No change	Lrrk1
ENSMUSG00000015134	Up	Up	Aldh1a3
ENSMUSG00000015340	Up	Down	Cybb
ENSMUSG00000015396	Down	No change	Cd83
ENSMUSG00000015476	Up	Down	Prrt1
ENSMUSG00000015568	Down	No change	Lpl
ENSMUSG00000015652	Up	No change	Steap1
ENSMUSG00000015766	Up	Down	Eps8
ENSMUSG00000015957	Down	No change	Wnt11
ENSMUSG00000015962	Up	No change	1700016C15Rik
ENSMUSG00000016150	Up	Down	Tenm1
ENSMUSG00000016262	Down	Up	Sertad4
ENSMUSG00000016382	Down	No change	Pls3
ENSMUSG00000016458	Up	No change	Wt1
ENSMUSG00000016496	Down	No change	Cd274
ENSMUSG00000016503	Up	No change	Gtf3a
ENSMUSG00000016918	Up	Down	Sulf1
ENSMUSG00000017009	Up	No change	Sdc4
ENSMUSG00000017412	Down	No change	Cacnb4
ENSMUSG00000017466	Down	No change	Timp2
ENSMUSG00000017491	Down	No change	Rarb
ENSMUSG00000017493	Up	Up	Igfbp4
ENSMUSG00000017607	Up	No change	Tns4
ENSMUSG00000017639	Down	No change	Rab11fip4
ENSMUSG00000017723	Down	No change	Wfdc2
ENSMUSG00000017724	Up	No change	Etv4
ENSMUSG00000017737	Up	Up	Mmp9
ENSMUSG00000017817	Down	No change	Jph2
ENSMUSG00000017978	Down	No change	Cadps2
ENSMUSG00000018171	Up	No change	Vmp1
ENSMUSG00000018263	Down	No change	Tbx5
ENSMUSG00000018339	Down	No change	Gpx3
ENSMUSG00000018340	Down	No change	Anxa6
ENSMUSG00000018341	Up	No change	Il12rb2
ENSMUSG00000018381	Up	No change	Abi3
ENSMUSG00000018427	Down	No change	Ypel2
ENSMUSG00000018470	Up	No change	Kcnab3
ENSMUSG00000018486	Down	No change	Wnt9b
ENSMUSG00000018554	Down	No change	Ybx2
ENSMUSG00000018654	Down	No change	Ikzf1
ENSMUSG00000018672	Down	No change	Copz2
ENSMUSG00000018750	Down	No change	Zbtb4
ENSMUSG00000018819	Up	No change	Lsp1
ENSMUSG00000018822	Down	No change	Sfrp5
ENSMUSG00000018865	Up	Down	Sult4a1
ENSMUSG00000018893	Up	No change	Mb
ENSMUSG00000018899	Down	No change	Irf1
ENSMUSG00000018907	Down	No change	Alox12e
ENSMUSG00000018983	Up	No change	E2f2
ENSMUSG00000019146	Down	Down	Cacng2
ENSMUSG00000019256	Down	No change	Ahr
ENSMUSG00000019487	Up	No change	Trip10
ENSMUSG00000019539	Down	No change	Rcn3
ENSMUSG00000019647	Up	No change	Sema6a
ENSMUSG00000019715	Up	No change	Gle1
ENSMUSG00000019775	Up	No change	Rgs17
ENSMUSG00000019787	Down	No change	Trdn
ENSMUSG00000019791	Up	Down	Hint3
ENSMUSG00000019817	Down	No change	Plagl1
ENSMUSG00000019822	Down	No change	Smpd2
ENSMUSG00000019843	Up	No change	Fyn
ENSMUSG00000019851	Up	No change	Perp
ENSMUSG00000019852	Down	No change	Arfgef3
ENSMUSG00000019872	Down	No change	Smpdl3a
ENSMUSG00000019873	Up	No change	Reep3
ENSMUSG00000019876	Down	No change	Pkib
ENSMUSG00000019877	Down	No change	Serinc1
ENSMUSG00000019892	Down	No change	Lrriq1
ENSMUSG00000019894	Down	Down	Slc6a15
ENSMUSG00000019923	Up	No change	Zwint
ENSMUSG00000019933	Down	No change	Mrln
ENSMUSG00000019944	Up	No change	Rhobtb1
ENSMUSG00000019945	Down	No change	Cabcoco1
ENSMUSG00000019960	Up	No change	Dusp6
ENSMUSG00000019970	Down	No change	Sgk1
ENSMUSG00000019982	Down	No change	Myb
ENSMUSG00000019989	Up	Down	Enpp3
ENSMUSG00000019990	Down	No change	Pde7b
ENSMUSG00000019997	Down	Down	Ccn2
ENSMUSG00000020000	Down	No change	Moxd1
ENSMUSG00000020015	Up	No change	Cdk17
ENSMUSG00000020027	Up	No change	Socs2
ENSMUSG00000020037	Up	Down	Rfx4
ENSMUSG00000020057	Up	No change	Dram1
ENSMUSG00000020102	Down	No change	Slc16a7
ENSMUSG00000020105	Down	No change	Lrig3
ENSMUSG00000020108	Up	No change	Ddit4
ENSMUSG00000020123	Up	No change	Avpr1a
ENSMUSG00000020154	Up	No change	Ptprb
ENSMUSG00000020160	Up	No change	Meis1
ENSMUSG00000020173	Down	Down	Cobl
ENSMUSG00000020181	Up	No change	Nav3
ENSMUSG00000020183	Up	No change	Cpm
ENSMUSG00000020205	Up	No change	Phlda1
ENSMUSG00000020218	Down	Up	Wif1
ENSMUSG00000020303	Up	No change	Stc2
ENSMUSG00000020312	Down	No change	Shc2
ENSMUSG00000020334	Down	Up	Slc22a4
ENSMUSG00000020354	Down	No change	Sgcd
ENSMUSG00000020357	Up	No change	Flt4
ENSMUSG00000020388	Down	No change	Pdlim4
ENSMUSG00000020400	Down	No change	Tnip1
ENSMUSG00000020439	Up	No change	Smtn
ENSMUSG00000020467	Down	No change	Efemp1
ENSMUSG00000020473	Up	No change	Aebp1
ENSMUSG00000020524	Down	No change	Gria1
ENSMUSG00000020542	Down	No change	Myocd
ENSMUSG00000020545	Down	No change	Lrrc72
ENSMUSG00000020562	Down	No change	Efcab10
ENSMUSG00000020589	Up	Down	Cyria
ENSMUSG00000020592	Up	No change	Sdc1
ENSMUSG00000020598	Down	No change	Nrcam
ENSMUSG00000020601	Up	No change	Trib2
ENSMUSG00000020604	Down	No change	Arsg
ENSMUSG00000020607	Up	Down	Lratd1
ENSMUSG00000020614	Up	No change	Fam20a
ENSMUSG00000020623	Down	No change	Map2k6
ENSMUSG00000020651	Down	No change	Slc26a4
ENSMUSG00000020658	Up	Down	Efr3b
ENSMUSG00000020660	Up	No change	Pomc
ENSMUSG00000020682	Up	Up	Mmp28
ENSMUSG00000020704	Down	No change	Asic2
ENSMUSG00000020707	Down	No change	Rnf135
ENSMUSG00000020709	Down	No change	Adap2
ENSMUSG00000020712	Up	Down	Tcam1
ENSMUSG00000020717	Up	No change	Pecam1
ENSMUSG00000020723	Down	No change	Cacng4
ENSMUSG00000020733	Up	No change	Slc9a3r1
ENSMUSG00000020773	Down	No change	Trim47
ENSMUSG00000020798	Down	No change	Spns3
ENSMUSG00000020846	Down	Up	Rflnb
ENSMUSG00000020865	Up	No change	Abcc3
ENSMUSG00000020890	Down	No change	Gucy2e
ENSMUSG00000020902	Up	Down	Ntn1
ENSMUSG00000020905	Up	No change	Usp43
ENSMUSG00000020926	Down	No change	Adam11
ENSMUSG00000020941	Up	No change	Map3k14
ENSMUSG00000021055	Up	No change	Esr2
ENSMUSG00000021061	Up	No change	Sptb
ENSMUSG00000021068	Up	No change	Nin
ENSMUSG00000021095	Down	No change	Gsc
ENSMUSG00000021098	Up	No change	4930447C04Rik
ENSMUSG00000021185	Down	No change	Dglucy
ENSMUSG00000021186	Down	No change	Fbln5
ENSMUSG00000021194	Up	No change	Chga
ENSMUSG00000021196	Up	No change	Pfkp
ENSMUSG00000021219	Down	No change	Rgs6
ENSMUSG00000021221	Down	Up	Dpf3
ENSMUSG00000021226	Down	No change	Acot2
ENSMUSG00000021256	Up	No change	Vash1
ENSMUSG00000021259	Down	No change	Cyp46a1
ENSMUSG00000021260	Down	Up	Hhipl1
ENSMUSG00000021278	Up	No change	Amn
ENSMUSG00000021280	Up	No change	Exoc3l4
ENSMUSG00000021281	Up	Up	Tnfaip2
ENSMUSG00000021313	Down	No change	Ryr2
ENSMUSG00000021365	Down	No change	Nedd9
ENSMUSG00000021366	Up	No change	Hivep1
ENSMUSG00000021379	Down	No change	Id4
ENSMUSG00000021384	Down	No change	Susd3
ENSMUSG00000021396	Up	No change	Nxnl2
ENSMUSG00000021403	Up	No change	Serpinb9b
ENSMUSG00000021411	Up	No change	Pxdc1
ENSMUSG00000021477	Up	No change	Ctsl
ENSMUSG00000021493	Up	No change	Pdlim7
ENSMUSG00000021536	Down	No change	Adcy2
ENSMUSG00000021553	Down	No change	Slc28a3
ENSMUSG00000021596	Down	No change	Mctp1
ENSMUSG00000021604	Down	No change	Irx4
ENSMUSG00000021638	Down	No change	Ocln
ENSMUSG00000021678	Up	Down	F2rl1
ENSMUSG00000021696	Down	No change	Elovl7
ENSMUSG00000021701	Up	No change	Plk2
ENSMUSG00000021708	Down	No change	Rasgrf2
ENSMUSG00000021718	Down	No change	Nt5el
ENSMUSG00000021728	Up	No change	Emb
ENSMUSG00000021732	Down	No change	Fgf10
ENSMUSG00000021733	Up	No change	Slc4a7
ENSMUSG00000021750	Down	No change	Fam107a
ENSMUSG00000021779	Down	No change	Thrb
ENSMUSG00000021794	Up	No change	Glud1
ENSMUSG00000021803	Down	No change	Cdhr1
ENSMUSG00000021814	Up	No change	Anxa7
ENSMUSG00000021822	Up	Up	Plau
ENSMUSG00000021835	Up	No change	Bmp4
ENSMUSG00000021872	Up	No change	Rnase10
ENSMUSG00000021983	Down	No change	Atp8a2
ENSMUSG00000021991	Up	Down	Cacna2d3
ENSMUSG00000022012	Up	Down	Enox1
ENSMUSG00000022015	Up	Down	Tnfsf11
ENSMUSG00000022018	Down	No change	Rgcc
ENSMUSG00000022053	Down	No change	Ebf2
ENSMUSG00000022075	Up	No change	Rhobtb2
ENSMUSG00000022085	Up	Down	Pebp4
ENSMUSG00000022094	Up	Down	Slc39a14
ENSMUSG00000022096	Up	No change	Hr
ENSMUSG00000022098	Up	Up	Bmp1
ENSMUSG00000022102	Up	No change	Dok2
ENSMUSG00000022114	Up	No change	Spry2
ENSMUSG00000022122	Down	No change	Ednrb
ENSMUSG00000022123	Down	No change	Scel
ENSMUSG00000022132	Down	No change	Cldn10
ENSMUSG00000022150	Down	No change	Dab2
ENSMUSG00000022203	Up	No change	Efs
ENSMUSG00000022206	Down	No change	Npr3
ENSMUSG00000022220	Up	No change	Adcy4
ENSMUSG00000022221	Up	No change	Ripk3
ENSMUSG00000022237	Up	No change	Ankrd33b
ENSMUSG00000022245	Up	Down	Skor1
ENSMUSG00000022286	Up	No change	Grhl2
ENSMUSG00000022309	Down	No change	Angpt1
ENSMUSG00000022330	Down	No change	Osr2
ENSMUSG00000022346	Up	Down	Myc
ENSMUSG00000022358	Up	Up	Fbxo32
ENSMUSG00000022382	Up	No change	Wnt7b
ENSMUSG00000022388	Down	No change	Ttll8
ENSMUSG00000022421	Up	No change	Nptxr
ENSMUSG00000022438	Up	No change	Parvb
ENSMUSG00000022439	Up	No change	Parvg
ENSMUSG00000022440	Down	No change	C1qtnf6
ENSMUSG00000022454	Up	Down	Nell2
ENSMUSG00000022469	Up	No change	Rapgef3
ENSMUSG00000022475	Down	No change	Hdac7
ENSMUSG00000022483	Down	No change	Col2a1
ENSMUSG00000022489	Down	No change	Pde1b
ENSMUSG00000022490	Down	No change	Ppp1r1a
ENSMUSG00000022510	Down	No change	Trp63
ENSMUSG00000022523	Down	No change	Fgf12
ENSMUSG00000022525	Down	No change	Plaat1
ENSMUSG00000022565	Up	No change	Plec
ENSMUSG00000022574	Up	Down	Naprt
ENSMUSG00000022596	Up	No change	Slurp1
ENSMUSG00000022602	Up	Down	Arc
ENSMUSG00000022603	Up	Down	Mroh4
ENSMUSG00000022607	Up	No change	Ptk2
ENSMUSG00000022619	Down	No change	Mapk8ip2
ENSMUSG00000022620	Up	No change	Arsa
ENSMUSG00000022622	Up	No change	Acr
ENSMUSG00000022623	Up	No change	Shank3
ENSMUSG00000022629	Down	No change	Kif21a
ENSMUSG00000022636	Down	No change	Alcam
ENSMUSG00000022641	Up	No change	Bbx
ENSMUSG00000022723	Up	No change	Crybg3
ENSMUSG00000022724	Up	No change	Riox2
ENSMUSG00000022750	Up	No change	Klhl22
ENSMUSG00000022753	Up	Down	Tmem30c
ENSMUSG00000022759	Down	No change	Lrrc74b
ENSMUSG00000022762	Down	No change	Ncam2
ENSMUSG00000022783	Down	Down	Spag6l
ENSMUSG00000022799	Up	No change	Arhgap31
ENSMUSG00000022805	Up	Down	Cfap91
ENSMUSG00000022809	Up	No change	Nr1i2
ENSMUSG00000022843	Up	No change	Clcn2
ENSMUSG00000022864	Up	No change	D16Ertd472e
ENSMUSG00000022878	Up	Down	Adipoq
ENSMUSG00000022895	Down	No change	Ets2
ENSMUSG00000022906	Up	Down	Parp9
ENSMUSG00000022941	Up	Down	Ripply3
ENSMUSG00000022949	Down	No change	Clic6
ENSMUSG00000022952	Up	No change	Runx1
ENSMUSG00000022967	Up	No change	Ifnar1
ENSMUSG00000022994	Down	No change	Adcy6
ENSMUSG00000023000	Up	No change	Dhh
ENSMUSG00000023022	Down	No change	Lima1
ENSMUSG00000023032	Down	No change	Slc4a8
ENSMUSG00000023034	Up	No change	Nr4a1
ENSMUSG00000023064	Up	Down	Sncg
ENSMUSG00000023087	Up	No change	Noct
ENSMUSG00000023176	Down	No change	Cpn2
ENSMUSG00000023186	Down	No change	Vwa5a
ENSMUSG00000023224	Down	No change	Serping1
ENSMUSG00000023266	Down	No change	Frs3
ENSMUSG00000023333	Up	No change	Gcm1
ENSMUSG00000023341	Down	No change	Mx2
ENSMUSG00000023439	Down	No change	Gnb3
ENSMUSG00000023484	Down	No change	Prph
ENSMUSG00000023755	Up	No change	Rhebl1
ENSMUSG00000023802	Down	No change	Nox3
ENSMUSG00000023827	Up	No change	Agpat4
ENSMUSG00000023861	Up	No change	Mpc1
ENSMUSG00000023882	Up	No change	Zfp54
ENSMUSG00000023903	Up	No change	Mmp25
ENSMUSG00000023904	Up	No change	Hcfc1r1
ENSMUSG00000023905	Up	No change	Tnfrsf12a
ENSMUSG00000023906	Up	No change	Cldn6
ENSMUSG00000023913	Up	No change	Pla2g7
ENSMUSG00000023942	Up	No change	Slc29a1
ENSMUSG00000023964	Down	No change	Calcr
ENSMUSG00000024013	Down	No change	Fgd2
ENSMUSG00000024076	Down	No change	Vit
ENSMUSG00000024084	Up	Down	Qpct
ENSMUSG00000024087	Down	No change	Cyp1b1
ENSMUSG00000024107	Down	No change	Lhcgr
ENSMUSG00000024176	Up	No change	Sox8
ENSMUSG00000024190	Up	No change	Dusp1
ENSMUSG00000024211	Down	No change	Grm8
ENSMUSG00000024227	Down	No change	Pdzph1
ENSMUSG00000024235	Up	No change	Map3k8
ENSMUSG00000024242	Up	No change	Map4k3
ENSMUSG00000024245	Up	No change	Tmem178
ENSMUSG00000024253	Down	No change	Dync2li1
ENSMUSG00000024268	Up	No change	Celf4
ENSMUSG00000024300	Down	Down	Myo1f
ENSMUSG00000024304	Up	Up	Cdh2
ENSMUSG00000024331	Down	Up	Dsc2
ENSMUSG00000024381	Up	Down	Bin1
ENSMUSG00000024421	Up	Down	Lama3
ENSMUSG00000024425	Up	No change	Ndfip1
ENSMUSG00000024427	Up	No change	Spry4
ENSMUSG00000024451	Up	No change	Arap3
ENSMUSG00000024471	Down	No change	Myot
ENSMUSG00000024481	Down	No change	Lvrn
ENSMUSG00000024501	Down	No change	Dpysl3
ENSMUSG00000024518	Down	No change	Rax
ENSMUSG00000024521	Up	Down	Pmaip1
ENSMUSG00000024526	Down	Up	Cidea
ENSMUSG00000024558	Up	Down	Mapk4
ENSMUSG00000024570	Up	Down	Rbfa
ENSMUSG00000024575	Up	Down	Pde6a
ENSMUSG00000024617	Up	No change	Camk2a
ENSMUSG00000024619	Up	No change	Cdx1
ENSMUSG00000024663	Down	Up	Rab3il1
ENSMUSG00000024694	Down	No change	Keg1
ENSMUSG00000024713	Down	No change	Pcsk5
ENSMUSG00000024725	Down	No change	Ostf1
ENSMUSG00000024727	Down	Up	Trpm6
ENSMUSG00000024737	Down	Up	Slc15a3
ENSMUSG00000024738	Down	No change	Pga5
ENSMUSG00000024749	Up	Down	Tmc1
ENSMUSG00000024754	Up	No change	Cemip2
ENSMUSG00000024793	Up	No change	Tnfrsf25
ENSMUSG00000024798	Down	No change	Htr7
ENSMUSG00000024867	Down	No change	Pip5k1b
ENSMUSG00000024897	Down	No change	Apba1
ENSMUSG00000024900	Down	No change	Cpt1a
ENSMUSG00000024901	Down	No change	Peli3
ENSMUSG00000024912	Up	No change	Fosl1
ENSMUSG00000024922	Up	No change	Ovol1
ENSMUSG00000024924	Up	No change	Vldlr
ENSMUSG00000024937	Up	No change	Ehbp1l1
ENSMUSG00000024972	Down	No change	Lgals12
ENSMUSG00000024987	Up	Up	Cyp26a1
ENSMUSG00000025017	Down	No change	Pik3ap1
ENSMUSG00000025026	Down	No change	Add3
ENSMUSG00000025056	Up	Down	Nr0b1
ENSMUSG00000025081	Up	No change	Tdrd1
ENSMUSG00000025083	Up	No change	Afap1l2
ENSMUSG00000025089	Down	Up	Gfra1
ENSMUSG00000025189	Up	No change	Cnnm1
ENSMUSG00000025255	Down	No change	Zfhx4
ENSMUSG00000025347	Up	No change	Mettl7b
ENSMUSG00000025348	Up	No change	Itga7
ENSMUSG00000025350	Up	No change	Rdh5
ENSMUSG00000025351	Up	No change	Cd63
ENSMUSG00000025357	Up	No change	Dgka
ENSMUSG00000025366	Up	No change	Esyt1
ENSMUSG00000025370	Down	Down	Cdh9
ENSMUSG00000025372	Up	No change	Baiap2
ENSMUSG00000025402	Up	Down	Nab2
ENSMUSG00000025420	Down	Down	Katnal2
ENSMUSG00000025494	Up	Down	Sigirr
ENSMUSG00000025496	Down	No change	Drd4
ENSMUSG00000025500	Down	No change	Lmntd2
ENSMUSG00000025545	Down	No change	Clybl
ENSMUSG00000025572	Up	No change	Tmc6
ENSMUSG00000025577	Up	No change	Cbx2
ENSMUSG00000025582	Down	No change	Nptx1
ENSMUSG00000025584	Up	No change	Pde8a
ENSMUSG00000025597	Up	No change	Klhl4
ENSMUSG00000025608	Up	No change	Podxl
ENSMUSG00000025647	Up	No change	Shisa5
ENSMUSG00000025726	Down	Down	Slc28a1
ENSMUSG00000025732	Up	No change	Mcrip2
ENSMUSG00000025743	Down	No change	Sdc3
ENSMUSG00000025795	Up	No change	Rassf3
ENSMUSG00000025808	Up	No change	Ccdc7a
ENSMUSG00000025809	Up	No change	Itgb1
ENSMUSG00000025810	Up	Down	Nrp1
ENSMUSG00000025875	Down	No change	Tspan17
ENSMUSG00000025938	Up	No change	Slco5a1
ENSMUSG00000025964	Up	Down	Adam23
ENSMUSG00000025969	Up	No change	Nrp2
ENSMUSG00000025993	Up	Up	Slc40a1
ENSMUSG00000026023	Up	No change	Cdk15
ENSMUSG00000026074	Up	No change	Map4k4
ENSMUSG00000026090	Down	No change	Cracdl
ENSMUSG00000026109	Down	No change	Tmeff2
ENSMUSG00000026121	Up	Up	Sema4c
ENSMUSG00000026124	Down	No change	Cfc1
ENSMUSG00000026126	Down	No change	Ptpn18
ENSMUSG00000026147	Down	No change	Col9a1
ENSMUSG00000026163	Down	No change	Sphkap
ENSMUSG00000026166	Up	Down	Ccl20
ENSMUSG00000026167	Up	No change	Wnt10a
ENSMUSG00000026181	Up	No change	Ppm1f
ENSMUSG00000026185	Down	No change	Igfbp5
ENSMUSG00000026202	Up	Down	Tuba4a
ENSMUSG00000026204	Up	No change	Ptprn
ENSMUSG00000026222	Down	No change	Sp100
ENSMUSG00000026235	Down	No change	Epha4
ENSMUSG00000026241	Up	No change	Nppc
ENSMUSG00000026251	Down	No change	Chrnd
ENSMUSG00000026255	Down	No change	Efhd1
ENSMUSG00000026315	Up	No change	Serpinb8
ENSMUSG00000026321	Down	No change	Tnfrsf11a
ENSMUSG00000026322	Down	No change	Htr4
ENSMUSG00000026347	Down	Up	Tmem163
ENSMUSG00000026365	Down	No change	Cfh
ENSMUSG00000026399	Down	No change	Cd55
ENSMUSG00000026452	Down	No change	Syt2
ENSMUSG00000026473	Up	Down	Glul
ENSMUSG00000026483	Up	No change	Niban1
ENSMUSG00000026509	Up	No change	Capn2
ENSMUSG00000026519	Down	No change	Tmem63a
ENSMUSG00000026520	Down	No change	Pycr2
ENSMUSG00000026525	Down	No change	Opn3
ENSMUSG00000026546	Up	No change	Cfap45
ENSMUSG00000026563	Down	Up	Tada1
ENSMUSG00000026564	Up	Down	Dusp27
ENSMUSG00000026587	Down	No change	Astn1
ENSMUSG00000026611	Down	No change	Spata17
ENSMUSG00000026626	Up	No change	Ppp2r5a
ENSMUSG00000026627	Up	No change	Pacc1
ENSMUSG00000026628	Down	No change	Atf3
ENSMUSG00000026640	Down	No change	Plxna2
ENSMUSG00000026656	Up	Down	Fcgr2b
ENSMUSG00000026664	Down	No change	Phyh
ENSMUSG00000026672	Up	Down	Optn
ENSMUSG00000026676	Up	No change	Ccdc3
ENSMUSG00000026679	Down	No change	Enkur
ENSMUSG00000026728	Up	No change	Vim
ENSMUSG00000026730	Down	No change	Pter
ENSMUSG00000026768	Up	No change	Itga8
ENSMUSG00000026778	Down	No change	Prkcq
ENSMUSG00000026787	Down	No change	Gad2
ENSMUSG00000026796	Up	No change	Niban2
ENSMUSG00000026832	Down	No change	Cytip
ENSMUSG00000026834	Down	No change	Acvr1c
ENSMUSG00000026841	Down	No change	Fibcd1
ENSMUSG00000026870	Up	No change	Cutal
ENSMUSG00000026880	Up	No change	Stom
ENSMUSG00000026888	Down	No change	Grb14
ENSMUSG00000026976	Up	Down	Pax8
ENSMUSG00000026980	Down	No change	Ly75
ENSMUSG00000027004	Down	No change	Frzb
ENSMUSG00000027009	Down	No change	Itga4
ENSMUSG00000027015	Down	No change	Cybrd1
ENSMUSG00000027016	Down	No change	Zfp385b
ENSMUSG00000027048	Down	No change	Abcb11
ENSMUSG00000027082	Up	No change	Tfpi
ENSMUSG00000027189	Up	No change	Trim44
ENSMUSG00000027220	Down	Up	Syt13
ENSMUSG00000027221	Up	Up	Chst1
ENSMUSG00000027227	Down	No change	Sord
ENSMUSG00000027253	Down	No change	Lrp4
ENSMUSG00000027293	Up	No change	Ehd4
ENSMUSG00000027298	Down	No change	Tyro3
ENSMUSG00000027309	Down	No change	Dnaaf9
ENSMUSG00000027318	Up	No change	Adam33
ENSMUSG00000027351	Up	No change	Spred1
ENSMUSG00000027355	Up	Down	Tmco5
ENSMUSG00000027358	Up	No change	Bmp2
ENSMUSG00000027359	Up	No change	Slc27a2
ENSMUSG00000027368	Up	No change	Dusp2
ENSMUSG00000027380	Down	Down	Acoxl
ENSMUSG00000027381	Up	No change	Bcl2l11
ENSMUSG00000027386	Down	No change	Fbln7
ENSMUSG00000027399	Down	No change	Il1a
ENSMUSG00000027401	Up	Down	Tgm3
ENSMUSG00000027419	Up	No change	Pcsk2
ENSMUSG00000027434	Up	Down	Nkx2-2
ENSMUSG00000027447	Down	No change	Cst3
ENSMUSG00000027457	Down	No change	Snph
ENSMUSG00000027478	Up	No change	Dnmt3b
ENSMUSG00000027525	Down	No change	Phactr3
ENSMUSG00000027551	Up	No change	Zfp64
ENSMUSG00000027555	Down	No change	Car13
ENSMUSG00000027574	Down	No change	Nkain4
ENSMUSG00000027583	Up	No change	Zbtb46
ENSMUSG00000027603	Down	No change	Ggt7
ENSMUSG00000027611	Up	Up	Procr
ENSMUSG00000027684	Up	No change	Mecom
ENSMUSG00000027692	Up	No change	Tnik
ENSMUSG00000027793	Down	No change	Ccna1
ENSMUSG00000027820	Down	Down	Mme
ENSMUSG00000027831	Down	No change	Veph1
ENSMUSG00000027863	Up	No change	Cd2
ENSMUSG00000027868	Down	No change	Tbx15
ENSMUSG00000027887	Up	Down	Sypl2
ENSMUSG00000027894	Up	Up	Slc6a17
ENSMUSG00000027947	Up	No change	Il6ra
ENSMUSG00000027950	Down	No change	Chrnb2
ENSMUSG00000027952	Up	No change	Pmvk
ENSMUSG00000027955	Down	No change	Gask1b
ENSMUSG00000027983	Down	No change	Cyp2u1
ENSMUSG00000027985	Up	Down	Lef1
ENSMUSG00000027995	Down	No change	Tlr2
ENSMUSG00000028020	Down	No change	Glrb
ENSMUSG00000028023	Down	No change	Pitx2
ENSMUSG00000028033	Down	No change	Kcnq5
ENSMUSG00000028042	Up	No change	Zbtb7b
ENSMUSG00000028051	Down	No change	Hcn3
ENSMUSG00000028076	Down	No change	Cd1d1
ENSMUSG00000028100	Down	No change	Nudt17
ENSMUSG00000028164	Up	Down	Manba
ENSMUSG00000028173	Down	No change	Wls
ENSMUSG00000028184	Up	No change	Adgrl2
ENSMUSG00000028194	Up	No change	Ddah1
ENSMUSG00000028199	Down	No change	Cryz
ENSMUSG00000028266	Up	No change	Lmo4
ENSMUSG00000028294	Down	No change	Cfap206
ENSMUSG00000028298	Up	Down	Cga
ENSMUSG00000028339	Down	No change	Col15a1
ENSMUSG00000028356	Down	No change	Ambp
ENSMUSG00000028435	Down	Down	Aqp3
ENSMUSG00000028453	Down	No change	Fancg
ENSMUSG00000028469	Down	Up	Npr2
ENSMUSG00000028487	Up	Down	Bnc2
ENSMUSG00000028519	Up	Down	Dab1
ENSMUSG00000028565	Down	No change	Nfia
ENSMUSG00000028583	Down	No change	Pdpn
ENSMUSG00000028584	Down	No change	Lrrc38
ENSMUSG00000028591	Down	No change	Pramel13
ENSMUSG00000028597	Down	No change	Gpx7
ENSMUSG00000028602	Up	Down	Tnfrsf8
ENSMUSG00000028626	Down	No change	Col9a2
ENSMUSG00000028631	Down	No change	Kcnq4
ENSMUSG00000028635	Up	Down	Edn2
ENSMUSG00000028640	Up	No change	Tfap2c
ENSMUSG00000028645	Up	No change	Slc2a1
ENSMUSG00000028654	Down	No change	Mycl
ENSMUSG00000028655	Up	No change	Mfsd2a
ENSMUSG00000028680	Up	No change	Plk3
ENSMUSG00000028750	Down	No change	Pla2g2c
ENSMUSG00000028758	Down	No change	Kif17
ENSMUSG00000028760	Down	No change	Eif4g3
ENSMUSG00000028771	Up	No change	Ptpn12
ENSMUSG00000028776	Up	Up	Tinagl1
ENSMUSG00000028777	Down	No change	Gnat3
ENSMUSG00000028780	Down	No change	Sema3c
ENSMUSG00000028788	Up	No change	Ptp4a2
ENSMUSG00000028790	Up	No change	Khdrbs1
ENSMUSG00000028794	Up	No change	A3galt2
ENSMUSG00000028796	Up	No change	Phc2
ENSMUSG00000028826	Up	No change	Maco1
ENSMUSG00000028836	Up	Up	Slc30a2
ENSMUSG00000028838	Up	No change	Extl1
ENSMUSG00000028862	Up	No change	Map3k6
ENSMUSG00000028874	Up	No change	Fgr
ENSMUSG00000028883	Up	No change	Sema3a
ENSMUSG00000028919	Down	No change	Arhgef19
ENSMUSG00000028927	Down	No change	Padi2
ENSMUSG00000028949	Down	No change	Smarcd3
ENSMUSG00000028967	Up	Up	Errfi1
ENSMUSG00000028978	Up	No change	Nos3
ENSMUSG00000029019	Up	No change	Nppb
ENSMUSG00000029026	Down	No change	Trp73
ENSMUSG00000029082	Up	No change	Bst1
ENSMUSG00000029084	Up	No change	Cd38
ENSMUSG00000029088	Down	No change	Kcnip4
ENSMUSG00000029093	Up	No change	Sorcs2
ENSMUSG00000029095	Down	No change	Ablim2
ENSMUSG00000029103	Down	No change	Lrpap1
ENSMUSG00000029134	Up	Down	Plb1
ENSMUSG00000029135	Up	No change	Fosl2
ENSMUSG00000029153	Up	No change	Ociad2
ENSMUSG00000029168	Down	No change	Dpysl5
ENSMUSG00000029185	Down	Up	Fam114a1
ENSMUSG00000029205	Up	Down	Chrna9
ENSMUSG00000029231	Down	No change	Pdgfra
ENSMUSG00000029245	Down	No change	Epha5
ENSMUSG00000029287	Down	No change	Tgfbr3
ENSMUSG00000029304	Down	No change	Spp1
ENSMUSG00000029309	Down	No change	Sparcl1
ENSMUSG00000029334	Down	No change	Prkg2
ENSMUSG00000029335	Down	No change	Bmp3
ENSMUSG00000029337	Up	No change	Fgf5
ENSMUSG00000029359	Up	No change	Tesc
ENSMUSG00000029361	Up	Down	Nos1
ENSMUSG00000029364	Up	No change	Wsb2
ENSMUSG00000029413	Down	Up	Naaa
ENSMUSG00000029420	Up	No change	Rimbp2
ENSMUSG00000029461	Up	No change	Fam168a
ENSMUSG00000029484	Up	No change	Anxa3
ENSMUSG00000029528	Up	No change	Pxn
ENSMUSG00000029544	Up	No change	Cabp1
ENSMUSG00000029552	Up	No change	Tes
ENSMUSG00000029563	Down	No change	Foxp2
ENSMUSG00000029570	Up	No change	Lfng
ENSMUSG00000029576	Down	No change	Radil
ENSMUSG00000029580	Up	No change	Actb
ENSMUSG00000029595	Up	Up	Lhx5
ENSMUSG00000029602	Down	No change	Rasal1
ENSMUSG00000029603	Down	No change	Dtx1
ENSMUSG00000029605	Down	No change	Oas1b
ENSMUSG00000029632	Up	No change	Ndufa4
ENSMUSG00000029641	Up	No change	Rasl11a
ENSMUSG00000029644	Up	No change	Pdx1
ENSMUSG00000029646	Up	No change	Cdx2
ENSMUSG00000029648	Up	No change	Flt1
ENSMUSG00000029650	Up	No change	Slc46a3
ENSMUSG00000029659	Down	No change	Medag
ENSMUSG00000029660	Down	No change	Tex26
ENSMUSG00000029669	Down	Up	Tspan12
ENSMUSG00000029695	Down	No change	Aass
ENSMUSG00000029699	Up	No change	Ssc4d
ENSMUSG00000029727	Down	Down	Cyp3a13
ENSMUSG00000029757	Up	No change	Dync1i1
ENSMUSG00000029759	Up	No change	Pon3
ENSMUSG00000029762	Up	Down	Akr1b8
ENSMUSG00000029819	Up	Down	Npy
ENSMUSG00000029848	Down	No change	Stra8
ENSMUSG00000029859	Up	No change	Epha1
ENSMUSG00000029860	Up	No change	Zyx
ENSMUSG00000029868	Down	No change	Trpv6
ENSMUSG00000029922	Up	No change	Mkrn1
ENSMUSG00000029923	Up	No change	Rab19
ENSMUSG00000030020	Down	No change	Prickle2
ENSMUSG00000030032	Down	No change	Wdr54
ENSMUSG00000030060	Up	Down	Hmces
ENSMUSG00000030075	Up	No change	Cntn3
ENSMUSG00000030088	Down	No change	Aldh1l1
ENSMUSG00000030102	Up	No change	Itpr1
ENSMUSG00000030109	Up	No change	Slc6a12
ENSMUSG00000030111	Down	No change	A2m
ENSMUSG00000030123	Up	Up	Plxnd1
ENSMUSG00000030134	Down	Down	Rasgef1a
ENSMUSG00000030199	Up	No change	Etv6
ENSMUSG00000030206	Up	Down	Gsg1
ENSMUSG00000030208	Up	No change	Emp1
ENSMUSG00000030209	Up	No change	Grin2b
ENSMUSG00000030222	Up	Down	Rerg
ENSMUSG00000030225	Up	No change	Dera
ENSMUSG00000030237	Down	No change	Slco1a4
ENSMUSG00000030246	Down	No change	Ldhb
ENSMUSG00000030256	Down	No change	Bhlhe41
ENSMUSG00000030257	Down	No change	Srgap3
ENSMUSG00000030281	Down	No change	Il17rc
ENSMUSG00000030283	Down	No change	St8sia1
ENSMUSG00000030302	Down	No change	Atp2b2
ENSMUSG00000030350	Down	No change	Prmt8
ENSMUSG00000030351	Down	No change	Tspan11
ENSMUSG00000030353	Up	No change	Tead4
ENSMUSG00000030361	Up	No change	Klrb1a
ENSMUSG00000030373	Down	No change	Psg28
ENSMUSG00000030403	Up	No change	Vasp
ENSMUSG00000030433	Down	No change	Sbk2
ENSMUSG00000030494	Down	No change	Rhpn2
ENSMUSG00000030549	Down	No change	Rhcg
ENSMUSG00000030553	Down	No change	Pgpep1l
ENSMUSG00000030559	Down	No change	Rab38
ENSMUSG00000030560	Up	No change	Ctsc
ENSMUSG00000030606	Down	No change	Hapln3
ENSMUSG00000030607	Down	No change	Acan
ENSMUSG00000030638	Up	No change	Sh3gl3
ENSMUSG00000030650	Up	Down	Tmc5
ENSMUSG00000030657	Up	No change	Xylt1
ENSMUSG00000030672	Up	Down	Mylpf
ENSMUSG00000030693	Up	Down	Klk10
ENSMUSG00000030739	Down	No change	Myh14
ENSMUSG00000030772	Down	No change	Dkk3
ENSMUSG00000030798	Up	Down	Cd37
ENSMUSG00000030854	Up	No change	Ptpn5
ENSMUSG00000030905	Down	No change	Crym
ENSMUSG00000030986	Down	No change	Dhx32
ENSMUSG00000030994	Down	No change	D7Ertd443e
ENSMUSG00000031027	Down	No change	Stk33
ENSMUSG00000031099	Down	No change	Smarca1
ENSMUSG00000031112	Down	No change	Stk26
ENSMUSG00000031129	Up	No change	Slc9a9
ENSMUSG00000031139	Down	No change	Mcf2
ENSMUSG00000031169	Up	Down	Porcn
ENSMUSG00000031214	Down	No change	Ophn1
ENSMUSG00000031239	Down	No change	Itm2a
ENSMUSG00000031337	Down	No change	Mtm1
ENSMUSG00000031340	Up	No change	Gabre
ENSMUSG00000031376	Down	No change	Atp2b3
ENSMUSG00000031384	Down	No change	Asb9
ENSMUSG00000031433	Up	No change	Rbm41
ENSMUSG00000031434	Up	Up	Morc4
ENSMUSG00000031438	Up	No change	Rnf128
ENSMUSG00000031461	Down	No change	Myom2
ENSMUSG00000031480	Up	No change	Thsd1
ENSMUSG00000031489	Up	Down	Adrb3
ENSMUSG00000031504	Up	No change	Rab20
ENSMUSG00000031517	Down	No change	Gpm6a
ENSMUSG00000031520	Up	Down	Vegfc
ENSMUSG00000031530	Up	No change	Dusp4
ENSMUSG00000031538	Down	No change	Plat
ENSMUSG00000031548	Down	No change	Sfrp1
ENSMUSG00000031558	Down	No change	Slit2
ENSMUSG00000031618	Down	No change	Nr3c2
ENSMUSG00000031627	Up	No change	Irf2
ENSMUSG00000031647	Up	No change	Mfap3l
ENSMUSG00000031654	Down	No change	Cbln1
ENSMUSG00000031661	Down	Up	Nkd1
ENSMUSG00000031673	Down	No change	Cdh11
ENSMUSG00000031688	Up	Down	Pou4f2
ENSMUSG00000031700	Down	No change	Gpt2
ENSMUSG00000031758	Up	Down	Cdyl2
ENSMUSG00000031760	Down	No change	Mt3
ENSMUSG00000031767	Down	Up	Nudt7
ENSMUSG00000031785	Down	Up	Adgrg1
ENSMUSG00000031791	Down	No change	Tmem38a
ENSMUSG00000031837	Up	No change	Necab2
ENSMUSG00000031841	Up	No change	Cdh13
ENSMUSG00000031844	Up	No change	Hsd17b2
ENSMUSG00000031906	Up	Down	Smpd3
ENSMUSG00000031951	Down	No change	Tmem231
ENSMUSG00000031963	Down	No change	Bmper
ENSMUSG00000031997	Down	No change	Trpc6
ENSMUSG00000032011	Up	No change	Thy1
ENSMUSG00000032012	Up	No change	Nectin1
ENSMUSG00000032017	Down	No change	Grik4
ENSMUSG00000032020	Up	No change	Ubash3b
ENSMUSG00000032024	Up	Down	Clmp
ENSMUSG00000032062	Up	Down	2310030G06Rik
ENSMUSG00000032066	Down	No change	Bco2
ENSMUSG00000032092	Up	No change	Mpzl2
ENSMUSG00000032098	Up	No change	Treh
ENSMUSG00000032125	Up	Down	Robo4
ENSMUSG00000032128	Up	No change	Robo3
ENSMUSG00000032131	Down	Up	Abcg4
ENSMUSG00000032135	Up	No change	Mcam
ENSMUSG00000032172	Up	Down	Olfm2
ENSMUSG00000032179	Down	No change	Bmp5
ENSMUSG00000032191	Down	No change	Bcl2l10
ENSMUSG00000032194	Down	No change	Kank2
ENSMUSG00000032204	Up	No change	Aqp9
ENSMUSG00000032207	Up	No change	Lipc
ENSMUSG00000032231	Up	No change	Anxa2
ENSMUSG00000032271	Down	No change	Nnmt
ENSMUSG00000032274	Down	No change	Cyp19a1
ENSMUSG00000032289	Down	No change	Thsd4
ENSMUSG00000032324	Down	No change	Tspan3
ENSMUSG00000032338	Down	Up	Hcn4
ENSMUSG00000032343	Down	No change	Impg1
ENSMUSG00000032358	Down	No change	Fam83b
ENSMUSG00000032360	Down	Down	Hcrtr2
ENSMUSG00000032363	Up	No change	Adamts7
ENSMUSG00000032375	Down	Up	Aph1b
ENSMUSG00000032380	Up	Up	Dapk2
ENSMUSG00000032394	Up	No change	Igdcc3
ENSMUSG00000032413	Up	No change	Rasa2
ENSMUSG00000032419	Down	Up	Tbx18
ENSMUSG00000032420	Up	Down	Nt5e
ENSMUSG00000032440	Up	No change	Tgfbr2
ENSMUSG00000032446	Up	No change	Eomes
ENSMUSG00000032452	Down	No change	Clstn2
ENSMUSG00000032487	Up	Down	Ptgs2
ENSMUSG00000032501	Up	No change	Trib1
ENSMUSG00000032503	Down	No change	Arpp21
ENSMUSG00000032531	Down	No change	Amotl2
ENSMUSG00000032602	Down	No change	Slc25a20
ENSMUSG00000032625	Down	No change	Thsd7a
ENSMUSG00000032643	Up	No change	Fhl3
ENSMUSG00000032649	Up	No change	Colgalt2
ENSMUSG00000032667	Up	No change	Pon2
ENSMUSG00000032671	Down	No change	A930018P22Rik
ENSMUSG00000032717	Up	Down	Mdfi
ENSMUSG00000032718	Down	No change	Mansc1
ENSMUSG00000032726	Up	No change	Bmp8a
ENSMUSG00000032741	Down	No change	Tpcn1
ENSMUSG00000032750	Down	No change	Gab3
ENSMUSG00000032766	Down	No change	Gng11
ENSMUSG00000032769	Down	No change	Trpa1
ENSMUSG00000032776	Up	Down	Mctp2
ENSMUSG00000032788	Down	No change	Pdxk
ENSMUSG00000032802	Up	Up	Srxn1
ENSMUSG00000032827	Up	No change	Ppp1r9a
ENSMUSG00000032841	Up	No change	Prr5l
ENSMUSG00000032860	Up	No change	P2ry2
ENSMUSG00000032870	Up	No change	Smap2
ENSMUSG00000032899	Up	No change	Styk1
ENSMUSG00000032936	Down	No change	Camkv
ENSMUSG00000032946	Up	Down	Rasgrp2
ENSMUSG00000032997	Up	No change	Chpf
ENSMUSG00000033007	Up	No change	Asic4
ENSMUSG00000033022	Down	No change	Cdo1
ENSMUSG00000033066	Up	No change	Gas7
ENSMUSG00000033082	Up	Down	Clec1a
ENSMUSG00000033147	Up	No change	Slc22a15
ENSMUSG00000033207	Down	No change	Mamdc2
ENSMUSG00000033227	Up	No change	Wnt6
ENSMUSG00000033249	Up	Down	Hsf4
ENSMUSG00000033287	Up	No change	Kctd17
ENSMUSG00000033306	Up	No change	Lpp
ENSMUSG00000033308	Down	No change	Dpyd
ENSMUSG00000033316	Down	No change	Galnt9
ENSMUSG00000033350	Up	No change	Chst2
ENSMUSG00000033419	Down	No change	Snap91
ENSMUSG00000033420	Down	No change	Antxr1
ENSMUSG00000033491	Down	Down	Prss35
ENSMUSG00000033540	Down	No change	Idua
ENSMUSG00000033542	Up	Up	Arhgef5
ENSMUSG00000033545	Up	No change	Znrf1
ENSMUSG00000033576	Up	No change	Apol6
ENSMUSG00000033577	Down	No change	Myo6
ENSMUSG00000033595	Up	No change	Lgi3
ENSMUSG00000033597	Down	No change	Caskin1
ENSMUSG00000033676	Down	No change	Gabrb3
ENSMUSG00000033717	Up	No change	Adra2a
ENSMUSG00000033722	Down	No change	BC034090
ENSMUSG00000033730	Up	Down	Egr3
ENSMUSG00000033737	Up	Up	Fndc3c1
ENSMUSG00000033966	Up	No change	Cdkl4
ENSMUSG00000034006	Up	Down	Slc66a2
ENSMUSG00000034037	Up	No change	Fgd5
ENSMUSG00000034040	Down	No change	Galnt17
ENSMUSG00000034057	Up	Down	Myrfl
ENSMUSG00000034127	Up	No change	Tspan8
ENSMUSG00000034156	Down	No change	Tspoap1
ENSMUSG00000034164	Down	No change	Emid1
ENSMUSG00000034245	Down	No change	Hdac11
ENSMUSG00000034255	Up	No change	Arhgap27
ENSMUSG00000034295	Down	No change	Fhod3
ENSMUSG00000034310	Up	Down	Tmem132d
ENSMUSG00000034312	Up	Down	Iqsec1
ENSMUSG00000034320	Up	No change	Slc26a2
ENSMUSG00000034330	Down	No change	Plcg2
ENSMUSG00000034384	Up	No change	Barhl2
ENSMUSG00000034391	Down	Down	Fbxo15
ENSMUSG00000034416	Down	No change	Pkd1l2
ENSMUSG00000034452	Down	No change	Slc24a1
ENSMUSG00000034459	Up	No change	Ifit1
ENSMUSG00000034486	Up	Down	Gbx2
ENSMUSG00000034488	Down	No change	Edil3
ENSMUSG00000034591	Down	Up	Slc41a2
ENSMUSG00000034595	Up	No change	Ppp1r18
ENSMUSG00000034607	Down	No change	Pof1b
ENSMUSG00000034648	Down	No change	Lrrn1
ENSMUSG00000034652	Up	No change	Cd300a
ENSMUSG00000034677	Up	No change	Gpr142
ENSMUSG00000034687	Down	No change	Fras1
ENSMUSG00000034765	Up	No change	Dusp5
ENSMUSG00000034845	Up	No change	Plvap
ENSMUSG00000034854	Up	No change	Mfsd12
ENSMUSG00000034863	Up	No change	Ano8
ENSMUSG00000034891	Down	No change	Sncb
ENSMUSG00000034910	Down	No change	Pygo1
ENSMUSG00000034912	Down	No change	Mdga2
ENSMUSG00000034987	Down	No change	Hrh2
ENSMUSG00000035000	Up	Down	Dpp4
ENSMUSG00000035021	Up	Down	Baz1a
ENSMUSG00000035064	Down	No change	Eef2k
ENSMUSG00000035085	Up	No change	1700020L24Rik
ENSMUSG00000035095	Up	Down	Fam167a
ENSMUSG00000035105	Up	No change	Egln3
ENSMUSG00000035109	Up	No change	Shc4
ENSMUSG00000035131	Down	No change	Brinp3
ENSMUSG00000035184	Down	No change	Fam124a
ENSMUSG00000035199	Up	No change	Arl6ip5
ENSMUSG00000035200	Down	No change	Chrnb4
ENSMUSG00000035212	Down	No change	Leprot
ENSMUSG00000035273	Down	Up	Hpse
ENSMUSG00000035283	Up	Down	Adrb1
ENSMUSG00000035376	Up	No change	Hacd2
ENSMUSG00000035506	Up	Down	Slc12a8
ENSMUSG00000035547	Down	No change	Capn5
ENSMUSG00000035561	Down	No change	Aldh1b1
ENSMUSG00000035566	Up	Down	Pcdh17
ENSMUSG00000035580	Up	No change	Kcnh8
ENSMUSG00000035621	Up	No change	Midn
ENSMUSG00000035681	Up	Down	Kcnc2
ENSMUSG00000035699	Down	No change	Slc51a
ENSMUSG00000035799	Up	No change	Twist1
ENSMUSG00000035852	Down	No change	Misp
ENSMUSG00000035900	Up	Up	Gramd4
ENSMUSG00000035910	Down	No change	Dcdc2a
ENSMUSG00000035914	Up	No change	Cd276
ENSMUSG00000035934	Down	No change	Pknox2
ENSMUSG00000035954	Up	No change	Dock4
ENSMUSG00000035963	Down	No change	Odf3l2
ENSMUSG00000035964	Up	Down	Tmem59l
ENSMUSG00000036052	Up	No change	Dnajb5
ENSMUSG00000036098	Up	Down	Myrf
ENSMUSG00000036111	Down	No change	Lmo1
ENSMUSG00000036192	Down	No change	Rorb
ENSMUSG00000036256	Down	No change	Igfbp7
ENSMUSG00000036273	Up	No change	Lrrk2
ENSMUSG00000036304	Down	No change	Zdhhc23
ENSMUSG00000036306	Up	No change	Lzts1
ENSMUSG00000036334	Down	No change	Igsf10
ENSMUSG00000036356	Down	No change	Csgalnact1
ENSMUSG00000036390	Up	No change	Gadd45a
ENSMUSG00000036452	Up	No change	Arhgap26
ENSMUSG00000036466	Down	No change	Megf11
ENSMUSG00000036510	Down	No change	Cdh8
ENSMUSG00000036533	Down	Down	Cdc42ep3
ENSMUSG00000036611	Up	No change	Eepd1
ENSMUSG00000036634	Up	No change	Mag
ENSMUSG00000036815	Down	No change	Dpp10
ENSMUSG00000036832	Down	No change	Lpar3
ENSMUSG00000036867	Up	No change	Smad6
ENSMUSG00000036885	Up	Down	Arhgef26
ENSMUSG00000036894	Up	No change	Rap2b
ENSMUSG00000036902	Up	No change	Neto2
ENSMUSG00000036904	Down	No change	Fzd8
ENSMUSG00000036912	Up	No change	Piwil4
ENSMUSG00000036915	Up	Down	Kirrel2
ENSMUSG00000036962	Down	No change	Cfap221
ENSMUSG00000037005	Down	No change	Xpnpep2
ENSMUSG00000037012	Down	No change	Hk1
ENSMUSG00000037016	Down	Up	Frem2
ENSMUSG00000037104	Up	No change	Socs5
ENSMUSG00000037138	Up	Down	Aff3
ENSMUSG00000037143	Down	No change	Cfap61
ENSMUSG00000037161	Down	No change	Mgarp
ENSMUSG00000037211	Up	Up	Spry1
ENSMUSG00000037224	Down	No change	Zfyve28
ENSMUSG00000037225	Down	No change	Fgf2
ENSMUSG00000037335	Up	Up	Hand1
ENSMUSG00000037375	Down	No change	Hhat
ENSMUSG00000037428	Up	No change	Vgf
ENSMUSG00000037440	Down	No change	Vnn1
ENSMUSG00000037463	Down	No change	Fbxo27
ENSMUSG00000037469	Up	Down	Acp7
ENSMUSG00000037492	Up	Down	Zmat4
ENSMUSG00000037541	Down	No change	Shank2
ENSMUSG00000037653	Down	Down	Kctd8
ENSMUSG00000037679	Up	No change	Inf2
ENSMUSG00000037683	Down	No change	Armc3
ENSMUSG00000037708	Down	No change	Spag6
ENSMUSG00000037709	Down	Up	Fam13a
ENSMUSG00000037754	Down	No change	Ppp1r16b
ENSMUSG00000037759	Up	Down	Ptger2
ENSMUSG00000037772	Up	No change	Mrpl23
ENSMUSG00000037784	Down	No change	Dzip1l
ENSMUSG00000037813	Down	No change	D630003M21Rik
ENSMUSG00000037820	Down	No change	Tgm2
ENSMUSG00000037849	Up	No change	Ifi206
ENSMUSG00000037860	Up	No change	Aim2
ENSMUSG00000037868	Up	No change	Egr2
ENSMUSG00000037876	Up	No change	Jmjd1c
ENSMUSG00000037885	Down	No change	Stk35
ENSMUSG00000037887	Down	No change	Dusp8
ENSMUSG00000037902	Down	No change	Sirpa
ENSMUSG00000037904	Up	No change	Ankrd9
ENSMUSG00000037913	Up	Down	Tmem156
ENSMUSG00000037922	Down	No change	Bank1
ENSMUSG00000037966	Down	No change	Ninj1
ENSMUSG00000037973	Down	No change	Itprid1
ENSMUSG00000037994	Up	Down	Slc9b2
ENSMUSG00000037999	Up	No change	Arap2
ENSMUSG00000038048	Down	No change	Cntnap5c
ENSMUSG00000038059	Up	No change	Smim3
ENSMUSG00000038068	Down	No change	Rnf144b
ENSMUSG00000038074	Up	No change	Fkbp14
ENSMUSG00000038112	Down	Up	AW551984
ENSMUSG00000038132	Down	Up	Rbm24
ENSMUSG00000038146	Down	No change	Notch3
ENSMUSG00000038155	Up	No change	Gstp2
ENSMUSG00000038156	Up	No change	Spon1
ENSMUSG00000038167	Down	No change	Plekhg6
ENSMUSG00000038203	Up	No change	Hoxa13
ENSMUSG00000038242	Down	No change	Aox4
ENSMUSG00000038264	Up	Up	Sema7a
ENSMUSG00000038295	Up	No change	Atg9b
ENSMUSG00000038305	Down	No change	Spats2l
ENSMUSG00000038319	Up	No change	Kcnh2
ENSMUSG00000038354	Down	Down	Ankrd35
ENSMUSG00000038370	Down	No change	Pcp4l1
ENSMUSG00000038384	Up	Down	Setd1b
ENSMUSG00000038417	Down	No change	Fig4
ENSMUSG00000038418	Up	No change	Egr1
ENSMUSG00000038453	Down	No change	Srcin1
ENSMUSG00000038507	Up	No change	Parp12
ENSMUSG00000038567	Up	No change	Cyp24a1
ENSMUSG00000038598	Up	No change	Shoc1
ENSMUSG00000038600	Down	No change	Atp6v0a4
ENSMUSG00000038602	Up	Down	Slc35f1
ENSMUSG00000038637	Down	No change	Lrrc56
ENSMUSG00000038651	Down	No change	Sycp2l
ENSMUSG00000038677	Down	No change	Scube3
ENSMUSG00000038740	Down	No change	Mvb12b
ENSMUSG00000038751	Up	No change	Ptk6
ENSMUSG00000038756	Down	No change	Ttll6
ENSMUSG00000038763	Down	No change	Alpk3
ENSMUSG00000038764	Up	No change	Ptpn3
ENSMUSG00000038765	Down	No change	Lmx1b
ENSMUSG00000038775	Up	No change	Vill
ENSMUSG00000038777	Down	No change	Sema6c
ENSMUSG00000038793	Down	Down	Lefty1
ENSMUSG00000038805	Down	No change	Six3
ENSMUSG00000038811	Up	No change	Gngt2
ENSMUSG00000038836	Down	No change	Agbl3
ENSMUSG00000038840	Down	No change	Birc7
ENSMUSG00000038855	Down	No change	Itpkb
ENSMUSG00000038879	Down	No change	Nipal2
ENSMUSG00000038916	Up	Down	Soga3
ENSMUSG00000038936	Up	No change	Sccpdh
ENSMUSG00000038970	Up	No change	Lmtk2
ENSMUSG00000039005	Up	Down	Tlr4
ENSMUSG00000039031	Up	No change	Arhgap18
ENSMUSG00000039062	Up	No change	Anpep
ENSMUSG00000039089	Up	No change	L3mbtl3
ENSMUSG00000039097	Down	No change	Rln1
ENSMUSG00000039110	Down	No change	Mycbpap
ENSMUSG00000039115	Up	Down	Itga9
ENSMUSG00000039131	Up	No change	Gipc2
ENSMUSG00000039153	Up	No change	Runx2
ENSMUSG00000039156	Up	No change	Stim2
ENSMUSG00000039168	Up	No change	Dap
ENSMUSG00000039193	Up	Down	Nlrc4
ENSMUSG00000039252	Down	No change	Lgi2
ENSMUSG00000039269	Down	No change	2300002M23Rik
ENSMUSG00000039313	Down	No change	Minar1
ENSMUSG00000039329	Up	No change	Tex19.1
ENSMUSG00000039410	Down	No change	Prdm16
ENSMUSG00000039458	Down	No change	Mtmr12
ENSMUSG00000039533	Down	No change	Mmd2
ENSMUSG00000039542	Down	No change	Ncam1
ENSMUSG00000039546	Up	No change	Ajap1
ENSMUSG00000039552	Down	No change	Rsph4a
ENSMUSG00000039616	Down	No change	Mocos
ENSMUSG00000039683	Down	No change	Sdk1
ENSMUSG00000039697	Up	No change	Ncoa7
ENSMUSG00000039706	Down	No change	Ldb2
ENSMUSG00000039713	Up	No change	Plekhg5
ENSMUSG00000039717	Down	No change	Ralyl
ENSMUSG00000039741	Down	No change	Bahcc1
ENSMUSG00000039745	Up	No change	Htatip2
ENSMUSG00000039787	Down	No change	Cercam
ENSMUSG00000039813	Up	No change	Tbc1d2
ENSMUSG00000039903	Up	Up	Eva1c
ENSMUSG00000039911	Down	No change	Spsb1
ENSMUSG00000039913	Down	No change	Pak5
ENSMUSG00000039936	Up	No change	Pik3cd
ENSMUSG00000039943	Up	No change	Plcb4
ENSMUSG00000040037	Down	No change	Negr1
ENSMUSG00000040086	Down	No change	Tnni3k
ENSMUSG00000040093	Down	No change	Bmf
ENSMUSG00000040118	Up	No change	Cacna2d1
ENSMUSG00000040136	Down	No change	Abcc8
ENSMUSG00000040140	Up	No change	Tdrd6
ENSMUSG00000040164	Up	No change	Kcns1
ENSMUSG00000040181	Down	No change	Fmo1
ENSMUSG00000040187	Up	No change	Arntl2
ENSMUSG00000040212	Up	No change	Emp3
ENSMUSG00000040213	Down	No change	Kyat3
ENSMUSG00000040249	Down	No change	Lrp1
ENSMUSG00000040270	Up	No change	Bach2
ENSMUSG00000040274	Up	No change	Cdk6
ENSMUSG00000040296	Up	Down	Ddx58
ENSMUSG00000040367	Down	No change	Lrrd1
ENSMUSG00000040373	Down	No change	Cacng5
ENSMUSG00000040430	Up	No change	Pitpnc1
ENSMUSG00000040483	Down	Down	Xaf1
ENSMUSG00000040490	Up	Down	Lrfn2
ENSMUSG00000040533	Down	No change	Matn1
ENSMUSG00000040543	Up	No change	Pitpnm3
ENSMUSG00000040569	Down	No change	Slc26a7
ENSMUSG00000040601	Down	Down	Nlrp4a
ENSMUSG00000040614	Down	Down	Nlrp9c
ENSMUSG00000040616	Down	No change	Tmem51
ENSMUSG00000040629	Up	No change	Mael
ENSMUSG00000040650	Up	Down	Cyp2b23
ENSMUSG00000040652	Up	No change	Oaz2
ENSMUSG00000040663	Up	Up	Clcf1
ENSMUSG00000040693	Down	No change	Slco4c1
ENSMUSG00000040703	Up	No change	Cyp2s1
ENSMUSG00000040710	Up	No change	St8sia4
ENSMUSG00000040717	Up	No change	Il17rd
ENSMUSG00000040723	Up	No change	Rcsd1
ENSMUSG00000040726	Down	No change	Hesx1
ENSMUSG00000040794	Down	No change	C1qtnf4
ENSMUSG00000040828	Down	No change	Catsperd
ENSMUSG00000040836	Down	No change	Gpr161
ENSMUSG00000040964	Down	No change	Arhgef10l
ENSMUSG00000040972	Up	No change	Igsf21
ENSMUSG00000040978	Down	No change	Gm11992
ENSMUSG00000040987	Up	No change	Mill2
ENSMUSG00000041000	Down	Up	Trim62
ENSMUSG00000041014	Down	No change	Nrg3
ENSMUSG00000041025	Up	No change	Iffo2
ENSMUSG00000041062	Up	Down	Mslnl
ENSMUSG00000041075	Up	No change	Fzd7
ENSMUSG00000041117	Down	No change	Ccdc8
ENSMUSG00000041135	Down	No change	Ripk2
ENSMUSG00000041189	Down	No change	Chrnb1
ENSMUSG00000041231	Up	No change	Ublcp1
ENSMUSG00000041272	Up	No change	Tox
ENSMUSG00000041351	Up	No change	Rap1gap
ENSMUSG00000041362	Down	No change	Shtn1
ENSMUSG00000041390	Down	Up	Mdfic
ENSMUSG00000041420	Down	No change	Meis3
ENSMUSG00000041445	Up	No change	Mmrn2
ENSMUSG00000041530	Down	No change	Ago1
ENSMUSG00000041544	Down	No change	Disp3
ENSMUSG00000041548	Down	No change	Hspb8
ENSMUSG00000041552	Down	No change	Ptchd1
ENSMUSG00000041559	Down	No change	Fmod
ENSMUSG00000041605	Down	No change	Inava
ENSMUSG00000041607	Down	No change	Mbp
ENSMUSG00000041608	Up	Up	Entpd3
ENSMUSG00000041624	Down	No change	Gucy1a2
ENSMUSG00000041642	Down	No change	Kif21b
ENSMUSG00000041649	Down	No change	Klf8
ENSMUSG00000041669	Down	No change	Prima1
ENSMUSG00000041703	Down	No change	Zic5
ENSMUSG00000041773	Up	No change	Enc1
ENSMUSG00000041782	Up	No change	Lad1
ENSMUSG00000041794	Down	Up	Myrip
ENSMUSG00000041809	Down	No change	Efhc1
ENSMUSG00000041817	Up	Down	Fam169a
ENSMUSG00000041895	Down	No change	Wipi1
ENSMUSG00000041907	Down	No change	Gpr45
ENSMUSG00000041923	Up	No change	Nol4
ENSMUSG00000041930	Down	No change	Fam222a
ENSMUSG00000041959	Up	No change	S100a10
ENSMUSG00000041992	Up	No change	Rapgef5
ENSMUSG00000042002	Down	No change	Foxn4
ENSMUSG00000042064	Down	No change	Myo3b
ENSMUSG00000042066	Down	No change	Tmcc2
ENSMUSG00000042082	Down	No change	Arsb
ENSMUSG00000042102	Down	No change	Dmgdh
ENSMUSG00000042115	Up	No change	Klhdc8a
ENSMUSG00000042116	Up	No change	Vwa1
ENSMUSG00000042118	Down	No change	Bhmt2
ENSMUSG00000042129	Down	No change	Rassf4
ENSMUSG00000042138	Up	No change	Msantd2
ENSMUSG00000042156	Down	No change	Dzip1
ENSMUSG00000042246	Down	No change	Tmc7
ENSMUSG00000042249	Down	No change	Grk3
ENSMUSG00000042268	Up	No change	Slc26a9
ENSMUSG00000042284	Up	Up	Itga1
ENSMUSG00000042312	Down	No change	S100a13
ENSMUSG00000042331	Up	No change	Specc1
ENSMUSG00000042345	Up	No change	Ubash3a
ENSMUSG00000042349	Up	No change	Ikbke
ENSMUSG00000042359	Down	Up	Osbpl6
ENSMUSG00000042388	Down	Down	Dlgap3
ENSMUSG00000042414	Down	Down	Prdm14
ENSMUSG00000042417	Down	No change	Ccno
ENSMUSG00000042439	Up	No change	Zfp532
ENSMUSG00000042476	Down	No change	Abcb4
ENSMUSG00000042529	Down	No change	Kcnj12
ENSMUSG00000042567	Up	No change	Nek10
ENSMUSG00000042594	Up	No change	Sh2b3
ENSMUSG00000042608	Up	No change	Stk40
ENSMUSG00000042626	Up	No change	Shc1
ENSMUSG00000042631	Up	No change	Xkr7
ENSMUSG00000042655	Up	Down	Shisal2b
ENSMUSG00000042671	Down	No change	Rgs8
ENSMUSG00000042677	Up	Down	Zc3h12a
ENSMUSG00000042734	Up	Up	Ttc9
ENSMUSG00000042745	Up	No change	Id1
ENSMUSG00000042793	Up	Down	Lgr6
ENSMUSG00000042804	Down	No change	Gpr153
ENSMUSG00000042807	Down	No change	Hecw2
ENSMUSG00000042834	Down	No change	Nrep
ENSMUSG00000042961	Down	No change	Egflam
ENSMUSG00000043004	Up	Down	Gng2
ENSMUSG00000043013	Down	Up	Onecut1
ENSMUSG00000043029	Up	Down	Trpv3
ENSMUSG00000043088	Down	No change	Il17re
ENSMUSG00000043230	Down	No change	Fam124b
ENSMUSG00000043251	Up	Down	Exoc3l
ENSMUSG00000043301	Down	No change	Kcnj6
ENSMUSG00000043333	Down	Down	Rhbdl2
ENSMUSG00000043391	Down	No change	2510009E07Rik
ENSMUSG00000043456	Down	No change	Zfp536
ENSMUSG00000043496	Up	No change	Tril
ENSMUSG00000043501	Up	Up	Lgals2
ENSMUSG00000043531	Down	No change	Sorcs1
ENSMUSG00000043535	Up	No change	Setx
ENSMUSG00000043557	Down	No change	Mdga1
ENSMUSG00000043592	Down	No change	Unc5cl
ENSMUSG00000043639	Up	No change	Rbm20
ENSMUSG00000043668	Down	No change	Tox3
ENSMUSG00000043673	Down	No change	Kcns3
ENSMUSG00000043681	Up	Down	Fam25c
ENSMUSG00000043827	Down	No change	Olfr94
ENSMUSG00000043850	Up	No change	Clrn1
ENSMUSG00000043895	Up	No change	S1pr2
ENSMUSG00000043913	Down	No change	Ccdc60
ENSMUSG00000043972	Down	No change	Opn5
ENSMUSG00000043991	Up	No change	Pura
ENSMUSG00000044017	Up	No change	Adgrd1
ENSMUSG00000044033	Up	No change	Ccdc141
ENSMUSG00000044042	Down	No change	Fmn1
ENSMUSG00000044134	Up	No change	Pheta1
ENSMUSG00000044162	Down	No change	Tnip3
ENSMUSG00000044217	Up	No change	Aqp5
ENSMUSG00000044288	Up	No change	Cnr1
ENSMUSG00000044317	Up	No change	Gpr4
ENSMUSG00000044456	Up	No change	Rin3
ENSMUSG00000044499	Up	Down	Hs3st5
ENSMUSG00000044550	Down	No change	Tceal3
ENSMUSG00000044551	Up	No change	9930012K11Rik
ENSMUSG00000044626	Up	Down	Liph
ENSMUSG00000044629	Up	No change	Cnrip1
ENSMUSG00000044664	Up	No change	Prss42
ENSMUSG00000044681	Up	Down	Cnpy1
ENSMUSG00000044734	Down	No change	Serpinb1a
ENSMUSG00000044813	Up	No change	Shb
ENSMUSG00000044912	Down	No change	Syt16
ENSMUSG00000044976	Down	No change	Wdr72
ENSMUSG00000044986	Up	No change	Tst
ENSMUSG00000045005	Down	Down	Fzd5
ENSMUSG00000045009	Down	No change	Prrt3
ENSMUSG00000045053	Up	No change	Kcng3
ENSMUSG00000045136	Down	No change	Tubb2b
ENSMUSG00000045179	Up	Up	Sox3
ENSMUSG00000045216	Down	No change	Hs6st1
ENSMUSG00000045246	Down	No change	Kcng4
ENSMUSG00000045281	Down	No change	Gpr20
ENSMUSG00000045333	Up	No change	Zfp423
ENSMUSG00000045341	Down	No change	Olfr167
ENSMUSG00000045350	Down	No change	Fam186a
ENSMUSG00000045394	Up	No change	Epcam
ENSMUSG00000045414	Up	Down	Dipk2a
ENSMUSG00000045441	Down	No change	Gprin3
ENSMUSG00000045573	Down	No change	Penk
ENSMUSG00000045598	Up	Down	Zfp553
ENSMUSG00000045658	Up	No change	Pid1
ENSMUSG00000045665	Up	No change	Mfsd5
ENSMUSG00000045667	Down	No change	Smtnl2
ENSMUSG00000045671	Up	No change	Spred2
ENSMUSG00000045672	Down	No change	Col27a1
ENSMUSG00000045761	Down	No change	Togaram2
ENSMUSG00000045790	Down	No change	Ccdc149
ENSMUSG00000045867	Up	Down	Cradd
ENSMUSG00000045912	Down	No change	C2cd4c
ENSMUSG00000045991	Down	No change	Onecut2
ENSMUSG00000046204	Down	No change	Pnma2
ENSMUSG00000046207	Down	No change	Pik3r6
ENSMUSG00000046223	Up	No change	Plaur
ENSMUSG00000046269	Up	No change	Usp27x
ENSMUSG00000046280	Down	No change	She
ENSMUSG00000046312	Down	No change	Myorg
ENSMUSG00000046314	Down	No change	Stxbp6
ENSMUSG00000046324	Up	No change	Ermp1
ENSMUSG00000046402	Up	No change	Rbp1
ENSMUSG00000046447	Down	No change	Camk2n1
ENSMUSG00000046480	Down	Up	Scn4b
ENSMUSG00000046532	Down	No change	Ar
ENSMUSG00000046585	Down	No change	Cfap58
ENSMUSG00000046607	Up	No change	Hrk
ENSMUSG00000046697	Up	No change	Enpp7
ENSMUSG00000046733	Up	No change	Gprc5a
ENSMUSG00000046761	Up	Down	Fam83h
ENSMUSG00000046782	Down	No change	Ttc6
ENSMUSG00000046794	Down	No change	Ppp1r3b
ENSMUSG00000046879	Up	No change	Irgm1
ENSMUSG00000046982	Up	No change	Tshz1
ENSMUSG00000046997	Up	No change	Spsb4
ENSMUSG00000046999	Down	No change	1110032F04Rik
ENSMUSG00000047085	Down	Up	Lrrc4b
ENSMUSG00000047129	Down	No change	1700113H08Rik
ENSMUSG00000047250	Up	Down	Ptgs1
ENSMUSG00000047261	Down	No change	Gap43
ENSMUSG00000047281	Up	No change	Sfn
ENSMUSG00000047384	Down	No change	A730013G03Rik
ENSMUSG00000047419	Up	Down	Cmya5
ENSMUSG00000047485	Down	No change	Klhl34
ENSMUSG00000047495	Down	No change	Dlgap2
ENSMUSG00000047496	Down	No change	Rnf152
ENSMUSG00000047502	Up	No change	Mroh7
ENSMUSG00000047671	Up	No change	Dynlt4
ENSMUSG00000047735	Up	Down	Samd9l
ENSMUSG00000047747	Down	No change	Rnf150
ENSMUSG00000047751	Up	Down	Utf1
ENSMUSG00000047759	Up	Up	Hs3st3a1
ENSMUSG00000047773	Down	Down	Ankfn1
ENSMUSG00000047810	Up	No change	Ccdc88b
ENSMUSG00000047878	Down	No change	A4galt
ENSMUSG00000048004	Down	No change	Tmem196
ENSMUSG00000048022	Up	Down	Tmem229a
ENSMUSG00000048038	Down	No change	Ccdc187
ENSMUSG00000048186	Down	No change	Bend7
ENSMUSG00000048217	Down	No change	Nags
ENSMUSG00000048218	Up	No change	Amigo2
ENSMUSG00000048251	Down	No change	Bcl11b
ENSMUSG00000048281	Down	No change	Dleu7
ENSMUSG00000048373	Up	No change	Fgfbp1
ENSMUSG00000048450	Up	No change	Msx1
ENSMUSG00000048473	Down	No change	Sult6b2
ENSMUSG00000048483	Up	Down	Zdhhc22
ENSMUSG00000048486	Up	No change	Fitm2
ENSMUSG00000048534	Up	No change	Jaml
ENSMUSG00000048537	Up	No change	Phldb1
ENSMUSG00000048572	Up	No change	Tmem252
ENSMUSG00000048747	Down	No change	ENSMUSG00000048747
ENSMUSG00000048752	Up	No change	Prss50
ENSMUSG00000048782	Up	Down	Insc
ENSMUSG00000049001	Down	No change	Ndnf
ENSMUSG00000049044	Down	No change	Rapgef4
ENSMUSG00000049090	Up	No change	Zadh2
ENSMUSG00000049107	Down	No change	Ntf3
ENSMUSG00000049109	Up	Down	Themis
ENSMUSG00000049122	Down	No change	Frmd3
ENSMUSG00000049154	Down	No change	Fam183b
ENSMUSG00000049235	Up	Down	Gm7324
ENSMUSG00000049300	Up	No change	Prmt6
ENSMUSG00000049307	Up	Up	Fut4
ENSMUSG00000049411	Up	No change	Tmem241
ENSMUSG00000049491	Down	No change	Slc36a3
ENSMUSG00000049511	Up	Down	Htr1b
ENSMUSG00000049521	Up	Up	Cdc42ep1
ENSMUSG00000049526	Down	No change	Tmem202
ENSMUSG00000049555	Up	No change	Tmie
ENSMUSG00000049556	Down	No change	Lingo1
ENSMUSG00000049562	Up	No change	Ap5b1
ENSMUSG00000049571	Down	No change	Cfap46
ENSMUSG00000049588	Down	No change	Ccdc69
ENSMUSG00000049604	Up	Up	Hoxb13
ENSMUSG00000049630	Down	No change	C1ql3
ENSMUSG00000049653	Up	No change	Spatc1
ENSMUSG00000049686	Up	No change	Orai1
ENSMUSG00000049775	Up	No change	Tmsb4x
ENSMUSG00000049858	Down	No change	Suox
ENSMUSG00000049871	Up	No change	Nlrc3
ENSMUSG00000049922	Up	No change	Slc35c1
ENSMUSG00000049928	Up	No change	Glp2r
ENSMUSG00000050052	Down	No change	Tdrp
ENSMUSG00000050064	Down	Up	Zfp697
ENSMUSG00000050106	Up	No change	Tmc8
ENSMUSG00000050121	Up	Down	Opalin
ENSMUSG00000050122	Up	Down	Vwa3b
ENSMUSG00000050222	Up	Down	Il17d
ENSMUSG00000050234	Down	Up	Gja4
ENSMUSG00000050272	Down	No change	Dscam
ENSMUSG00000050315	Down	No change	Synpo2
ENSMUSG00000050328	Down	No change	Hoxc12
ENSMUSG00000050379	Down	No change	Septin6
ENSMUSG00000050439	Down	No change	Enthd1
ENSMUSG00000050468	Up	No change	Astl
ENSMUSG00000050473	Up	No change	Slc35d3
ENSMUSG00000050526	Up	Down	Mgat4f
ENSMUSG00000050663	Down	No change	Trhde
ENSMUSG00000050666	Down	Up	Vstm4
ENSMUSG00000050671	Down	No change	Ism2
ENSMUSG00000050742	Down	No change	Olfr164
ENSMUSG00000050822	Up	No change	Slc29a4
ENSMUSG00000050840	Down	No change	Cdh20
ENSMUSG00000050854	Up	No change	Tmem125
ENSMUSG00000050917	Down	No change	Fgf4
ENSMUSG00000050931	Up	Down	Sgms2
ENSMUSG00000050953	Up	No change	Gja1
ENSMUSG00000050963	Down	No change	Kcns2
ENSMUSG00000050966	Up	Down	Lin28a
ENSMUSG00000050967	Down	No change	Creg2
ENSMUSG00000051029	Up	Down	Serpinb1b
ENSMUSG00000051043	Up	No change	Gprc5c
ENSMUSG00000051048	Down	No change	P4ha3
ENSMUSG00000051076	Up	Down	Vtcn1
ENSMUSG00000051111	Down	No change	Sv2c
ENSMUSG00000051323	Down	No change	Pcdh19
ENSMUSG00000051331	Down	No change	Cacna1c
ENSMUSG00000051343	Down	No change	Rab11fip5
ENSMUSG00000051354	Up	No change	Samd3
ENSMUSG00000051359	Down	No change	Ncald
ENSMUSG00000051375	Up	No change	Pcdh1
ENSMUSG00000051435	Down	No change	Fhad1
ENSMUSG00000051457	Up	Down	Spn
ENSMUSG00000051506	Down	No change	Wdfy4
ENSMUSG00000051726	Up	No change	Kcnf1
ENSMUSG00000051727	Down	No change	Kctd14
ENSMUSG00000051747	Down	Down	Ttn
ENSMUSG00000051910	Down	No change	Sox6
ENSMUSG00000051920	Down	No change	Rspo2
ENSMUSG00000052013	Up	No change	Btla
ENSMUSG00000052026	Up	No change	Slc6a7
ENSMUSG00000052133	Up	Down	Sema5b
ENSMUSG00000052135	Down	No change	Foxo6
ENSMUSG00000052180	Down	No change	Serpinb6c
ENSMUSG00000052273	Up	No change	Dnah3
ENSMUSG00000052331	Down	No change	Ankrd44
ENSMUSG00000052334	Up	Down	1700024B05Rik
ENSMUSG00000052384	Up	No change	Nrros
ENSMUSG00000052534	Down	No change	Pbx1
ENSMUSG00000052551	Down	No change	Adarb2
ENSMUSG00000052563	Up	No change	D930048N14Rik
ENSMUSG00000052605	Down	No change	Isoc2b
ENSMUSG00000052837	Up	No change	Junb
ENSMUSG00000052957	Down	No change	Gas1
ENSMUSG00000053004	Up	No change	Hrh1
ENSMUSG00000053024	Down	No change	Cntn2
ENSMUSG00000053062	Down	Down	Jam2
ENSMUSG00000053129	Up	No change	Gsx1
ENSMUSG00000053137	Up	Down	Mapk11
ENSMUSG00000053153	Down	No change	Spag16
ENSMUSG00000053194	Down	No change	Cib4
ENSMUSG00000053310	Up	No change	Nrgn
ENSMUSG00000053367	Up	Down	Epp13
ENSMUSG00000053411	Up	No change	Cbx7
ENSMUSG00000053441	Down	No change	Adamts19
ENSMUSG00000053522	Up	No change	Lgals7
ENSMUSG00000053550	Down	Down	Shisa7
ENSMUSG00000053552	Down	No change	Ebf4
ENSMUSG00000053626	Down	No change	Tll1
ENSMUSG00000053765	Down	No change	Oas1f
ENSMUSG00000053846	Down	No change	Lipg
ENSMUSG00000053886	Down	No change	Sh2d4a
ENSMUSG00000053930	Up	No change	Shisa6
ENSMUSG00000053963	Down	No change	Stum
ENSMUSG00000054000	Down	No change	Tusc1
ENSMUSG00000054013	Up	No change	Tmem179
ENSMUSG00000054065	Up	Down	Pkp3
ENSMUSG00000054074	Down	No change	Skida1
ENSMUSG00000054083	Up	No change	Capn12
ENSMUSG00000054134	Down	No change	Umodl1
ENSMUSG00000054150	Up	No change	Syne3
ENSMUSG00000054162	Down	No change	Spock3
ENSMUSG00000054169	Up	No change	Ceacam10
ENSMUSG00000054320	Down	No change	Lrrc36
ENSMUSG00000054342	Up	No change	Kcnn4
ENSMUSG00000054423	Down	Up	Cadps
ENSMUSG00000054469	Up	No change	Lclat1
ENSMUSG00000054474	Down	No change	Thnsl2
ENSMUSG00000054580	Down	No change	Pla2r1
ENSMUSG00000054598	Up	No change	9130230L23Rik
ENSMUSG00000054693	Up	Up	Adam10
ENSMUSG00000054702	Up	No change	Ap1s3
ENSMUSG00000054720	Up	No change	Lrrc8c
ENSMUSG00000054728	Up	No change	Phactr1
ENSMUSG00000054793	Up	No change	Cadm4
ENSMUSG00000054850	Down	No change	Smim10l2a
ENSMUSG00000054889	Down	No change	Dsp
ENSMUSG00000054934	Up	No change	Kcnmb4
ENSMUSG00000055027	Down	No change	Smyd1
ENSMUSG00000055102	Up	Down	Zfp819
ENSMUSG00000055116	Up	No change	Arntl
ENSMUSG00000055148	Down	Down	Klf2
ENSMUSG00000055184	Up	No change	Fam72a
ENSMUSG00000055254	Down	No change	Ntrk2
ENSMUSG00000055301	Up	No change	Adh7
ENSMUSG00000055312	Down	No change	Them7
ENSMUSG00000055333	Down	No change	Fat2
ENSMUSG00000055368	Down	No change	Slc6a2
ENSMUSG00000055540	Down	No change	Epha6
ENSMUSG00000055560	Up	Down	Zfp459
ENSMUSG00000055639	Down	No change	Dach1
ENSMUSG00000055692	Down	No change	Tmem191c
ENSMUSG00000055717	Down	No change	Slain1
ENSMUSG00000055733	Down	No change	Nap1l3
ENSMUSG00000055799	Down	No change	Tcf7l1
ENSMUSG00000055865	Up	No change	Tafa3
ENSMUSG00000056043	Down	No change	Rgs9bp
ENSMUSG00000056073	Down	No change	Grik2
ENSMUSG00000056155	Up	No change	Nanos3
ENSMUSG00000056162	Down	No change	Cndp1
ENSMUSG00000056220	Down	No change	Pla2g4a
ENSMUSG00000056222	Down	No change	Spock1
ENSMUSG00000056258	Down	No change	Kcnq3
ENSMUSG00000056296	Down	No change	Synpr
ENSMUSG00000056306	Down	Up	Sertm1
ENSMUSG00000056313	Up	No change	Tcim
ENSMUSG00000056380	Down	No change	Gpr50
ENSMUSG00000056427	Down	No change	Slit3
ENSMUSG00000056458	Down	No change	Mok
ENSMUSG00000056481	Down	No change	Cd248
ENSMUSG00000056529	Down	No change	Ptafr
ENSMUSG00000056553	Down	No change	Ptprn2
ENSMUSG00000056592	Up	No change	Zfp658
ENSMUSG00000056596	Down	No change	Trnp1
ENSMUSG00000056602	Down	No change	Fry
ENSMUSG00000056665	Up	No change	Them6
ENSMUSG00000056708	Up	No change	Ier5
ENSMUSG00000056737	Up	No change	Capg
ENSMUSG00000056758	Up	No change	Hmga2
ENSMUSG00000056895	Down	No change	H2bu2
ENSMUSG00000056900	Down	No change	Usp13
ENSMUSG00000057060	Up	Up	Slc35f3
ENSMUSG00000057098	Up	Down	Ebf1
ENSMUSG00000057137	Down	No change	Tmem140
ENSMUSG00000057173	Down	No change	Rfx8
ENSMUSG00000057191	Down	No change	AB124611
ENSMUSG00000057315	Down	No change	Arhgap24
ENSMUSG00000057375	Down	No change	Yipf1
ENSMUSG00000057455	Down	No change	Rit2
ENSMUSG00000057534	Down	No change	Elobl
ENSMUSG00000057706	Down	No change	Mex3b
ENSMUSG00000057715	Down	No change	A830018L16Rik
ENSMUSG00000057722	Down	No change	Lepr
ENSMUSG00000057751	Down	No change	Megf6
ENSMUSG00000057914	Down	No change	Cacnb2
ENSMUSG00000057933	Down	No change	Gsta2
ENSMUSG00000057963	Up	Down	Itpk1
ENSMUSG00000058070	Down	Up	Eml1
ENSMUSG00000058153	Down	Up	Sez6l
ENSMUSG00000058216	Up	No change	Gstp3
ENSMUSG00000058248	Down	Up	Kcnh1
ENSMUSG00000058441	Down	No change	Panx2
ENSMUSG00000058571	Down	No change	Gpc6
ENSMUSG00000058656	Down	No change	Samd12
ENSMUSG00000058665	Up	Down	En1
ENSMUSG00000058672	Down	No change	Tubb2a
ENSMUSG00000058756	Down	No change	Thra
ENSMUSG00000058806	Up	No change	Col13a1
ENSMUSG00000058897	Down	No change	Col25a1
ENSMUSG00000058975	Down	Up	Kcnc1
ENSMUSG00000059049	Down	No change	Frem1
ENSMUSG00000059089	Up	No change	Fcgr4
ENSMUSG00000059136	Down	No change	Olfr539
ENSMUSG00000059187	Down	No change	Tafa1
ENSMUSG00000059213	Down	No change	Ddn
ENSMUSG00000059325	Up	No change	Hopx
ENSMUSG00000059327	Down	No change	Eda
ENSMUSG00000059412	Down	Up	Fxyd2
ENSMUSG00000059434	Down	No change	Gckr
ENSMUSG00000059456	Up	No change	Ptk2b
ENSMUSG00000059498	Up	No change	Fcgr3
ENSMUSG00000059763	Down	No change	Taar2
ENSMUSG00000059816	Down	No change	Shisal2a
ENSMUSG00000059857	Down	No change	Ntng1
ENSMUSG00000059898	Down	No change	Dsc3
ENSMUSG00000059901	Up	No change	Adamts14
ENSMUSG00000059991	Up	No change	Nptx2
ENSMUSG00000060002	Down	No change	Chpt1
ENSMUSG00000060131	Up	No change	Atp8b4
ENSMUSG00000060180	Down	No change	Myh13
ENSMUSG00000060212	Up	No change	Pcnx2
ENSMUSG00000060224	Down	No change	Pyroxd2
ENSMUSG00000060260	Up	No change	Pwwp2b
ENSMUSG00000060402	Down	No change	Chst8
ENSMUSG00000060477	Down	No change	Irak2
ENSMUSG00000060487	Up	No change	Samd5
ENSMUSG00000060572	Down	No change	Mfap2
ENSMUSG00000060594	Down	No change	Layn
ENSMUSG00000060803	Up	No change	Gstp1
ENSMUSG00000060924	Down	No change	Csmd1
ENSMUSG00000061013	Down	No change	Mkx
ENSMUSG00000061126	Down	No change	Cyp4f39
ENSMUSG00000061259	Up	No change	Tmprss11d
ENSMUSG00000061414	Down	No change	Cracr2a
ENSMUSG00000061451	Down	No change	Tmem151a
ENSMUSG00000061520	Down	No change	Olfr153
ENSMUSG00000061524	Down	Down	Zic2
ENSMUSG00000061527	Up	No change	Krt5
ENSMUSG00000061576	Down	No change	Dpp6
ENSMUSG00000061723	Up	No change	Tnnt3
ENSMUSG00000061740	Down	No change	Cyp2d22
ENSMUSG00000061859	Down	Up	Patj
ENSMUSG00000061911	Down	No change	Myt1l
ENSMUSG00000062017	Up	Down	Abca14
ENSMUSG00000062028	Up	No change	Irgc1
ENSMUSG00000062064	Up	Down	Slc2a7
ENSMUSG00000062103	Up	Down	Olfr924
ENSMUSG00000062154	Up	No change	Tex33
ENSMUSG00000062257	Down	No change	Opcml
ENSMUSG00000062300	Up	No change	Nectin2
ENSMUSG00000062309	Down	No change	Rpp25
ENSMUSG00000062327	Up	Down	T
ENSMUSG00000062372	Down	No change	Otof
ENSMUSG00000062432	Up	No change	Cyp26c1
ENSMUSG00000062444	Down	No change	Ap3b2
ENSMUSG00000062518	Up	Down	Zfp534
ENSMUSG00000062713	Up	No change	Sim2
ENSMUSG00000062760	Up	No change	Shisal1
ENSMUSG00000062859	Down	No change	Tcp11
ENSMUSG00000062960	Up	No change	Kdr
ENSMUSG00000063011	Up	Down	Msln
ENSMUSG00000063142	Down	No change	Kcnma1
ENSMUSG00000063146	Up	No change	Clip2
ENSMUSG00000063354	Up	Down	Slc39a4
ENSMUSG00000063506	Down	No change	Arhgap22
ENSMUSG00000063531	Up	No change	Sema3e
ENSMUSG00000063600	Down	No change	Egfem1
ENSMUSG00000063632	Up	Up	Sox11
ENSMUSG00000063646	Down	No change	Jakmip1
ENSMUSG00000063765	Down	No change	Chadl
ENSMUSG00000063887	Down	No change	Nlgn1
ENSMUSG00000063919	Down	No change	Srrm4
ENSMUSG00000063972	Up	No change	Nr6a1
ENSMUSG00000064052	Down	No change	Gm5089
ENSMUSG00000064080	Down	No change	Fbln2
ENSMUSG00000064115	Down	No change	Cadm2
ENSMUSG00000064147	Down	No change	Rab44
ENSMUSG00000064202	Down	No change	Spata6l
ENSMUSG00000064264	Up	Down	Zfp428
ENSMUSG00000064293	Down	No change	Cntn4
ENSMUSG00000064325	Down	No change	Hhip
ENSMUSG00000064373	Up	No change	Selenop
ENSMUSG00000066000	Up	Down	Zfp979
ENSMUSG00000066007	Up	Down	Zfp600
ENSMUSG00000066026	Down	No change	Dhrs3
ENSMUSG00000066122	Down	No change	Olfr45
ENSMUSG00000066191	Down	No change	Anks6
ENSMUSG00000066197	Down	No change	Gpr139
ENSMUSG00000066687	Down	No change	Zbtb16
ENSMUSG00000066705	Down	No change	Fxyd6
ENSMUSG00000066720	Up	No change	Cldn9
ENSMUSG00000066800	Down	No change	Rnasel
ENSMUSG00000066842	Down	No change	Hmcn1
ENSMUSG00000066894	Up	No change	Vsig10
ENSMUSG00000066964	Down	No change	Tmem211
ENSMUSG00000067219	Up	Down	Nipal1
ENSMUSG00000067279	Down	No change	Ppp1r3c
ENSMUSG00000067285	Down	No change	Gm16223
ENSMUSG00000067526	Down	No change	Olfr1425
ENSMUSG00000067586	Up	Down	S1pr3
ENSMUSG00000067616	Up	No change	Klk11
ENSMUSG00000067724	Up	No change	Gbx1
ENSMUSG00000067860	Up	No change	Zic3
ENSMUSG00000068079	Up	No change	Tcf15
ENSMUSG00000068196	Down	No change	Col8a1
ENSMUSG00000068220	Up	No change	Lgals1
ENSMUSG00000068327	Down	No change	Tlx2
ENSMUSG00000068373	Down	Down	D430041D05Rik
ENSMUSG00000068617	Down	No change	Efcab1
ENSMUSG00000068699	Up	No change	Flnc
ENSMUSG00000069633	Down	No change	Pex11g
ENSMUSG00000069805	Up	No change	Fbp1
ENSMUSG00000069806	Up	No change	Cacng7
ENSMUSG00000069835	Down	No change	Sat2
ENSMUSG00000069920	Down	No change	B3gnt9
ENSMUSG00000069971	Down	No change	4933402J07Rik
ENSMUSG00000070287	Down	Up	Slc35g2
ENSMUSG00000070305	Up	No change	Mpzl3
ENSMUSG00000070327	Down	No change	Rnf213
ENSMUSG00000070366	Down	No change	Plpp4
ENSMUSG00000070407	Up	No change	Hs3st3b1
ENSMUSG00000070509	Down	No change	Rgma
ENSMUSG00000070526	Down	Up	Peg12
ENSMUSG00000070643	Up	No change	Sox13
ENSMUSG00000070691	Down	No change	Runx3
ENSMUSG00000070777	Up	Down	Ceacam20
ENSMUSG00000070780	Up	No change	Rbm47
ENSMUSG00000070802	Down	No change	Pnma8b
ENSMUSG00000070880	Up	No change	Gad1
ENSMUSG00000071042	Up	Down	Rasgrp3
ENSMUSG00000071340	Down	No change	Trappc3l
ENSMUSG00000071342	Up	No change	Lsmem1
ENSMUSG00000071424	Down	No change	Grid2
ENSMUSG00000071470	Up	Down	Ccnb1ip1
ENSMUSG00000071540	Down	No change	3425401B19Rik
ENSMUSG00000071573	Down	No change	Rnls
ENSMUSG00000071856	Up	Down	Mcc
ENSMUSG00000071984	Up	Up	Fndc1
ENSMUSG00000072294	Up	Down	Klf12
ENSMUSG00000072473	Up	Down	1700024G13Rik
ENSMUSG00000072595	Up	Down	4930503E14Rik
ENSMUSG00000072623	Down	Up	Zfp9
ENSMUSG00000072720	Down	No change	Myo18b
ENSMUSG00000072944	Up	No change	Nup62cl
ENSMUSG00000072945	Up	Down	Ripply1
ENSMUSG00000072949	Down	No change	Acot1
ENSMUSG00000073043	Down	No change	Atoh1
ENSMUSG00000073052	Down	No change	ENSMUSG00000073052
ENSMUSG00000073094	Down	No change	Smim9
ENSMUSG00000073102	Down	No change	Drc1
ENSMUSG00000073406	Down	No change	H2-Bl
ENSMUSG00000073610	Down	No change	ENSMUSG00000073610
ENSMUSG00000073650	Up	Down	Catip
ENSMUSG00000073678	Down	No change	Pgap1
ENSMUSG00000073771	Up	No change	Btbd19
ENSMUSG00000073795	Up	No change	Spef1l
ENSMUSG00000073988	Down	No change	Ttpa
ENSMUSG00000074063	Up	Up	Osgin1
ENSMUSG00000074071	Down	No change	Fam169b
ENSMUSG00000074217	Down	No change	Misp3
ENSMUSG00000074227	Up	No change	Spint2
ENSMUSG00000074272	Up	No change	Ceacam1
ENSMUSG00000074345	Down	No change	Tnfaip8l3
ENSMUSG00000074461	Down	No change	ENSMUSG00000074461
ENSMUSG00000074505	Down	No change	Fat3
ENSMUSG00000074570	Up	Down	Cass4
ENSMUSG00000074607	Up	Up	Tox2
ENSMUSG00000074653	Down	Down	Lrrc31
ENSMUSG00000074657	Down	No change	Kif5a
ENSMUSG00000074743	Up	No change	Thbd
ENSMUSG00000074785	Up	Down	Plxnc1
ENSMUSG00000074796	Up	No change	Slc4a11
ENSMUSG00000074895	Down	No change	Eif4e1b
ENSMUSG00000075012	Up	Down	Fjx1
ENSMUSG00000075122	Up	Down	Cd80
ENSMUSG00000075256	Down	No change	Cerkl
ENSMUSG00000075318	Down	No change	Scn2a
ENSMUSG00000075408	Up	No change	Smim41
ENSMUSG00000075520	Up	Down	Malrd1
ENSMUSG00000075543	Up	No change	Urad
ENSMUSG00000075592	Down	No change	Nynrin
ENSMUSG00000075706	Down	No change	Gpx4
ENSMUSG00000076431	Up	No change	Sox4
ENSMUSG00000078137	Up	No change	Ankrd63
ENSMUSG00000078234	Down	No change	Klhdc7a
ENSMUSG00000078307	Down	No change	AI593442
ENSMUSG00000078451	Down	No change	Ppil6
ENSMUSG00000078497	Up	Down	ENSMUSG00000078497
ENSMUSG00000078532	Up	No change	Nkain1
ENSMUSG00000078612	Down	No change	Fyb2
ENSMUSG00000078776	Down	No change	9530053A07Rik
ENSMUSG00000078954	Down	No change	Arhgap8
ENSMUSG00000079018	Up	No change	Ly6c1
ENSMUSG00000079022	Down	No change	Col22a1
ENSMUSG00000079164	Up	Down	Tlr5
ENSMUSG00000079261	Up	No change	Gm15217
ENSMUSG00000079269	Up	Down	ENSMUSG00000079269
ENSMUSG00000079330	Up	Down	Lemd1
ENSMUSG00000079396	Down	No change	Gm3411
ENSMUSG00000079410	Down	No change	Gm2897
ENSMUSG00000079445	Up	No change	B3gnt7
ENSMUSG00000079481	Up	No change	Nhsl2
ENSMUSG00000079497	Up	No change	Gm13420
ENSMUSG00000079554	Down	No change	Aox2
ENSMUSG00000079584	Up	Down	Tm9sf5
ENSMUSG00000079685	Up	No change	Ulbp1
ENSMUSG00000081044	Up	No change	AU015836
ENSMUSG00000081362	Up	Down	Cyp2j7
ENSMUSG00000081683	Up	No change	Fzd10
ENSMUSG00000083282	Down	No change	Ctsf
ENSMUSG00000084927	Down	No change	Gm5724
ENSMUSG00000085795	Up	Up	Zfp703
ENSMUSG00000086147	Up	Down	ENSMUSG00000086147
ENSMUSG00000086596	Down	No change	Susd5
ENSMUSG00000087230	Down	No change	Mroh3
ENSMUSG00000087610	Up	Down	ENSMUSG00000087610
ENSMUSG00000089762	Up	No change	Ier5l
ENSMUSG00000090061	Down	No change	Nwd2
ENSMUSG00000090071	Down	No change	Cdk5r2
ENSMUSG00000090125	Up	No change	Pou3f1
ENSMUSG00000090173	Down	No change	Fbxw10
ENSMUSG00000090356	Up	No change	Teddm3
ENSMUSG00000090379	Up	No change	Gm8229
ENSMUSG00000090523	Up	No change	Gypc
ENSMUSG00000090655	Down	No change	Vmn2r120
ENSMUSG00000090698	Up	No change	Apold1
ENSMUSG00000091013	Up	Down	Vmn1r1
ENSMUSG00000091131	Up	No change	Gm7945
ENSMUSG00000091228	Up	No change	ENSMUSG00000091228
ENSMUSG00000091243	Down	No change	Vgll3
ENSMUSG00000091275	Down	No change	ENSMUSG00000091275
ENSMUSG00000091345	Up	No change	Col6a5
ENSMUSG00000091415	Down	Down	Ak9
ENSMUSG00000091568	Down	No change	ENSMUSG00000091568
ENSMUSG00000091657	Up	Down	Gm3072
ENSMUSG00000091725	Up	No change	Gm8220
ENSMUSG00000091733	Up	Down	Gm8094
ENSMUSG00000092035	Up	No change	Peg10
ENSMUSG00000092083	Down	No change	Kcnb2
ENSMUSG00000092165	Up	Down	Gm21154
ENSMUSG00000092167	Down	No change	Gm3696
ENSMUSG00000092592	Down	No change	ENSMUSG00000092592
ENSMUSG00000094219	Up	Down	Calhm3
ENSMUSG00000094443	Down	No change	Sgo2b
ENSMUSG00000094784	Up	No change	LOC118568141
ENSMUSG00000094840	Up	No change	Muc3a
ENSMUSG00000094910	Down	No change	D430019H16Rik
ENSMUSG00000095105	Down	No change	Edaradd
ENSMUSG00000095180	Up	No change	Rhox5
ENSMUSG00000095300	Up	No change	Gm906
ENSMUSG00000095384	Up	Down	1700001F09Rik
ENSMUSG00000095743	Up	Down	ENSMUSG00000095743
ENSMUSG00000096035	Up	Down	Odaph
ENSMUSG00000096054	Down	No change	Syne1
ENSMUSG00000096094	Up	Down	A630095N17Rik
ENSMUSG00000096140	Up	No change	Ankrd66
ENSMUSG00000096446	Up	Down	Gm8104
ENSMUSG00000096775	Down	No change	Gm5796
ENSMUSG00000096949	Down	No change	ENSMUSG00000096949
ENSMUSG00000097050	Up	Down	Gm9918
ENSMUSG00000097929	Down	No change	Tunar
ENSMUSG00000098132	Up	No change	Rassf10
ENSMUSG00000098557	Up	No change	Kctd12
ENSMUSG00000098678	Up	Down	Mroh6
ENSMUSG00000099041	Up	No change	ENSMUSG00000099041
ENSMUSG00000099609	Down	No change	ENSMUSG00000099609
ENSMUSG00000101904	Up	Up	ENSMUSG00000101904
ENSMUSG00000102140	Down	No change	ENSMUSG00000102140
ENSMUSG00000102373	Up	No change	ENSMUSG00000102373
ENSMUSG00000102375	Up	No change	ENSMUSG00000102375
ENSMUSG00000102563	Up	No change	ENSMUSG00000102563
ENSMUSG00000102692	Down	No change	Dchs2
ENSMUSG00000102789	Down	No change	ENSMUSG00000102789
ENSMUSG00000103189	Down	No change	ENSMUSG00000103189
ENSMUSG00000103213	Up	Down	ENSMUSG00000103213
ENSMUSG00000103376	Up	No change	ENSMUSG00000103376
ENSMUSG00000103593	Up	No change	ENSMUSG00000103593
ENSMUSG00000104263	Up	No change	ENSMUSG00000104263
ENSMUSG00000104676	Down	No change	ENSMUSG00000104676
ENSMUSG00000104719	Up	No change	ENSMUSG00000104719
ENSMUSG00000104918	Up	No change	ENSMUSG00000104918
ENSMUSG00000105128	Down	No change	ENSMUSG00000105128
ENSMUSG00000105826	Up	No change	ENSMUSG00000105826
ENSMUSG00000106062	Up	Up	ENSMUSG00000106062
ENSMUSG00000106662	Up	No change	ENSMUSG00000106662
ENSMUSG00000106766	Down	No change	ENSMUSG00000106766
ENSMUSG00000106905	Down	No change	ENSMUSG00000106905
ENSMUSG00000107012	Down	No change	ENSMUSG00000107012
ENSMUSG00000107504	Down	No change	Gm35549
ENSMUSG00000107558	Up	No change	ENSMUSG00000107558
ENSMUSG00000107977	Up	No change	ENSMUSG00000107977
ENSMUSG00000108046	Down	Up	ENSMUSG00000108046
ENSMUSG00000108841	Down	No change	Frmpd2
ENSMUSG00000108900	Up	No change	Ccdc194
ENSMUSG00000109293	Up	No change	Dcst2
ENSMUSG00000109395	Up	No change	ENSMUSG00000109395
ENSMUSG00000109561	Up	No change	Ankrd31
ENSMUSG00000109572	Down	No change	Cfap99
ENSMUSG00000109953	Up	No change	ENSMUSG00000109953
ENSMUSG00000110052	Up	No change	ENSMUSG00000110052
ENSMUSG00000110185	Up	No change	Igip
ENSMUSG00000110723	Up	Down	ENSMUSG00000110723
ENSMUSG00000110899	Up	No change	ENSMUSG00000110899
ENSMUSG00000111129	Up	Down	ENSMUSG00000111129
ENSMUSG00000111865	Up	No change	ENSMUSG00000111865
ENSMUSG00000112307	Up	No change	ENSMUSG00000112307
ENSMUSG00000113475	Down	No change	ENSMUSG00000113475
ENSMUSG00000113908	Up	No change	ENSMUSG00000113908
ENSMUSG00000115302	Up	Up	ENSMUSG00000115302
ENSMUSG00000115406	Up	No change	ENSMUSG00000115406
ENSMUSG00000115418	Up	No change	ENSMUSG00000115418
ENSMUSG00000115483	Up	Down	Gm9732
ENSMUSG00000116069	Down	No change	ENSMUSG00000116069
ENSMUSG00000116283	Up	No change	ENSMUSG00000116283
ENSMUSG00000116413	Down	No change	ENSMUSG00000116413
ENSMUSG00000116836	Down	Up	ENSMUSG00000116836
ENSMUSG00000116959	Up	No change	ENSMUSG00000116959
ENSMUSG00000117286	Down	No change	Gm1043
ENSMUSG00000117406	Down	No change	Ntn3
